Current_group_location,analizo_acc_kurtosis,analizo_acc_mean,analizo_acc_mode,analizo_acc_quantile_lower,analizo_acc_quantile_max,analizo_acc_quantile_median,analizo_acc_quantile_min,analizo_acc_quantile_ninety_five,analizo_acc_quantile_upper,analizo_acc_skewness,analizo_acc_standard_deviation,analizo_acc_sum,analizo_acc_variance,analizo_accm_kurtosis,analizo_accm_mean,analizo_accm_mode,analizo_accm_quantile_lower,analizo_accm_quantile_max,analizo_accm_quantile_median,analizo_accm_quantile_min,analizo_accm_quantile_ninety_five,analizo_accm_quantile_upper,analizo_accm_skewness,analizo_accm_standard_deviation,analizo_accm_sum,analizo_accm_variance,analizo_amloc_kurtosis,analizo_amloc_mean,analizo_amloc_mode,analizo_amloc_quantile_lower,analizo_amloc_quantile_max,analizo_amloc_quantile_median,analizo_amloc_quantile_min,analizo_amloc_quantile_ninety_five,analizo_amloc_quantile_upper,analizo_amloc_skewness,analizo_amloc_standard_deviation,analizo_amloc_sum,analizo_amloc_variance,analizo_anpm_kurtosis,analizo_anpm_mean,analizo_anpm_mode,analizo_anpm_quantile_lower,analizo_anpm_quantile_max,analizo_anpm_quantile_median,analizo_anpm_quantile_min,analizo_anpm_quantile_ninety_five,analizo_anpm_quantile_upper,analizo_anpm_skewness,analizo_anpm_standard_deviation,analizo_anpm_sum,analizo_anpm_variance,analizo_cbo_kurtosis,analizo_cbo_mean,analizo_cbo_mode,analizo_cbo_quantile_lower,analizo_cbo_quantile_max,analizo_cbo_quantile_median,analizo_cbo_quantile_min,analizo_cbo_quantile_ninety_five,analizo_cbo_quantile_upper,analizo_cbo_skewness,analizo_cbo_standard_deviation,analizo_cbo_sum,analizo_cbo_variance,analizo_change_cost,analizo_dit_kurtosis,analizo_dit_mean,analizo_dit_mode,analizo_dit_quantile_lower,analizo_dit_quantile_max,analizo_dit_quantile_median,analizo_dit_quantile_min,analizo_dit_quantile_ninety_five,analizo_dit_quantile_upper,analizo_dit_skewness,analizo_dit_standard_deviation,analizo_dit_sum,analizo_dit_variance,analizo_lcom4_kurtosis,analizo_lcom4_mean,analizo_lcom4_mode,analizo_lcom4_quantile_lower,analizo_lcom4_quantile_max,analizo_lcom4_quantile_median,analizo_lcom4_quantile_min,analizo_lcom4_quantile_ninety_five,analizo_lcom4_quantile_upper,analizo_lcom4_skewness,analizo_lcom4_standard_deviation,analizo_lcom4_sum,analizo_lcom4_variance,analizo_loc_kurtosis,analizo_loc_mean,analizo_loc_mode,analizo_loc_quantile_lower,analizo_loc_quantile_max,analizo_loc_quantile_median,analizo_loc_quantile_min,analizo_loc_quantile_ninety_five,analizo_loc_quantile_upper,analizo_loc_skewness,analizo_loc_standard_deviation,analizo_loc_sum,analizo_loc_variance,analizo_mmloc_kurtosis,analizo_mmloc_mean,analizo_mmloc_mode,analizo_mmloc_quantile_lower,analizo_mmloc_quantile_max,analizo_mmloc_quantile_median,analizo_mmloc_quantile_min,analizo_mmloc_quantile_ninety_five,analizo_mmloc_quantile_upper,analizo_mmloc_skewness,analizo_mmloc_standard_deviation,analizo_mmloc_sum,analizo_mmloc_variance,analizo_noa_kurtosis,analizo_noa_mean,analizo_noa_mode,analizo_noa_quantile_lower,analizo_noa_quantile_max,analizo_noa_quantile_median,analizo_noa_quantile_min,analizo_noa_quantile_ninety_five,analizo_noa_quantile_upper,analizo_noa_skewness,analizo_noa_standard_deviation,analizo_noa_sum,analizo_noa_variance,analizo_noc_kurtosis,analizo_noc_mean,analizo_noc_mode,analizo_noc_quantile_lower,analizo_noc_quantile_max,analizo_noc_quantile_median,analizo_noc_quantile_min,analizo_noc_quantile_ninety_five,analizo_noc_quantile_upper,analizo_noc_skewness,analizo_noc_standard_deviation,analizo_noc_sum,analizo_noc_variance,analizo_nom_kurtosis,analizo_nom_mean,analizo_nom_mode,analizo_nom_quantile_lower,analizo_nom_quantile_max,analizo_nom_quantile_median,analizo_nom_quantile_min,analizo_nom_quantile_ninety_five,analizo_nom_quantile_upper,analizo_nom_skewness,analizo_nom_standard_deviation,analizo_nom_sum,analizo_nom_variance,analizo_npa_kurtosis,analizo_npa_mean,analizo_npa_mode,analizo_npa_quantile_lower,analizo_npa_quantile_max,analizo_npa_quantile_median,analizo_npa_quantile_min,analizo_npa_quantile_ninety_five,analizo_npa_quantile_upper,analizo_npa_skewness,analizo_npa_standard_deviation,analizo_npa_sum,analizo_npa_variance,analizo_npm_kurtosis,analizo_npm_mean,analizo_npm_mode,analizo_npm_quantile_lower,analizo_npm_quantile_max,analizo_npm_quantile_median,analizo_npm_quantile_min,analizo_npm_quantile_ninety_five,analizo_npm_quantile_upper,analizo_npm_skewness,analizo_npm_standard_deviation,analizo_npm_sum,analizo_npm_variance,analizo_rfc_kurtosis,analizo_rfc_mean,analizo_rfc_mode,analizo_rfc_quantile_lower,analizo_rfc_quantile_max,analizo_rfc_quantile_median,analizo_rfc_quantile_min,analizo_rfc_quantile_ninety_five,analizo_rfc_quantile_upper,analizo_rfc_skewness,analizo_rfc_standard_deviation,analizo_rfc_sum,analizo_rfc_variance,analizo_sc_kurtosis,analizo_sc_mean,analizo_sc_mode,analizo_sc_quantile_lower,analizo_sc_quantile_max,analizo_sc_quantile_median,analizo_sc_quantile_min,analizo_sc_quantile_ninety_five,analizo_sc_quantile_upper,analizo_sc_skewness,analizo_sc_standard_deviation,analizo_sc_sum,analizo_sc_variance,analizo_total_abstract_classes,analizo_total_cof,analizo_total_eloc,analizo_total_loc,analizo_total_methods_per_abstract_class,analizo_total_modules,analizo_total_modules_with_defined_attributes,analizo_total_modules_with_defined_methods,analizo_total_nom,competition,dir_to_zip,group_name,is_source,new_dir,new_dir_name,source_lang,year
SPL_The_Awesome_Resurrection_21-01-13,68.9050101927,4.21251819505,0,0,136,1,0,17,4,7.13092782321,10.5460929402,2894,111.220076303,60.3294726889,1.88853184154,1,1,35,1,0,6.25,2.10101010101,5.64303070612,2.37492961138,1297.42137514,5.640290659,54.928458694,12.0304985277,0,1,260,6,0,43.7777777778,15,5.31168398295,18.1591139105,8264.95248854,329.753418014,24.761191637,1.06780732982,0,0.333333333333,13,1,0,2.7037037037,1.5,3.33117400733,1.09243479048,733.583635586,1.19341377144,25.4130247817,1.6826783115,0,0,33,0,0,8,2,3.93754000035,3.27077880364,1156,10.6979939824,0.05,5.64732648029,0.931586608443,1,0,6,1,0,3,1,2.07086904681,1.01575387462,640,1.03175593381,28.9694492425,2.38864628821,1,1,31,2,0,7,3,3.8404633994,2.52717920886,1641,6.38663475371,74.9932854675,93.0538573508,0,4,3473,16,0,475,74,7.00898686968,235.170594389,63928,55305.2084654,23.4957745119,34.6972343523,0,1,618,11,0,151,35,4.13175993852,65.7128551835,23837,4318.17933636,52.4579980758,5.77147016012,1,1,110,3,0,18,7,5.87189839091,9.08536779078,3965,82.5439078938,108.002156756,0.295487627365,0,0,21,0,0,1,0,9.21717354268,1.48118226144,203,2.19390089161,30.9499845174,4.97088791849,2,1,85,3,0,19,6,4.31977960422,7.17517360528,3415,51.4831162658,43.7873820838,3.07423580786,0,0,65,1,0,11,4,5.30239613243,5.521652842,2112,30.4886501076,20.6579568596,2.80349344978,1,1,40,1,0,10,3,3.91853564548,4.3646592271,1926,19.0502501687,49.7368085273,23.4759825328,0,2,590,8,0,111,21,5.79814028242,48.7907018353,16128,2380.53258559,49.4666840553,5.25181950509,0,0,170,0,0,24,4,6.05506195893,14.0287831578,3608,196.806756889,29,0.00614069707733,78826,63928,6.62068965517,687,589,596,3415,SPL,/home/se-metrics/root/repo_local/Other-RoboCup/RoboCup//SPL/The_Awesome_Resurrection_21-01-13.tar,The_Awesome_Resurrection_21-01-13,True,/home/se-metrics/root/Other_robo_proccessed/SPL_The_Awesome_Resurrection_21-01-13,SPL_The_Awesome_Resurrection_21-01-13,C++,
SPL_HULKsCodeRelease,65.6464394746,4.67572815534,0,0,147,1,0,24,4,6.51751461536,10.8061128581,2408,116.772075101,12.4918330192,1.68140675588,1,1,13.5,1,0,5.22222222222,2,2.95601250785,1.83112642291,865.924479278,3.35302397668,18.8610280794,11.2005750882,0,1.875,145,5.91666666667,0,37.6666666667,14.25,3.40901194416,15.0427409234,5768.29617043,226.284054488,197.640638559,0.776665408208,0,0.145833333333,23,0.666666666667,0,2,1,11.6532289434,1.24761733669,399.982685227,1.55654901882,19.3554337902,2.19611650485,0,0,38,0,0,9,3,3.38527753978,3.85616698285,1131,14.8700237996,0.04,4.47216220738,0.852427184466,0,0,6,1,0,4,1,2.08505960702,1.16930960543,439,1.36728495335,27.3410249204,2.32233009709,1,1,32,2,0,8,3,4.02171051829,2.93857121502,1196,8.63520078577,273.403749315,73.4019417476,0,4.5,5028,18,0,277,66,14.8392183348,256.971147823,37802,66034.1708133,16.1649546292,25.172815534,0,3,346,8,0,97,30,3.46729260298,41.4225079189,12964,1715.82416229,9.30840240092,5.16699029126,0,1,47,3,0,19,6.5,2.72190442681,6.92618654024,2661,47.9720599902,34.8494373292,0.264077669903,0,0,10,0,0,2,0,5.51886979341,1.07869844913,136,1.16359034415,189.634791881,4.97669902913,3,1,204,3,0,15,5,11.9660938922,11.405995453,2563,130.096732273,12.0349695759,2.26601941748,0,0,26,0,0,10,3,3.13003632508,4.04367097823,1167,16.3512749802,299.65319195,3.52621359223,0,1,204,2,0,10,3,15.8659905541,10.1749670041,1816,103.529953534,189.989433258,22.6912621359,0,2,1134,9,0,84,22,12.0317792402,63.8285018408,11686,4074.07764724,27.9565999695,6.21941747573,0,0,128,0,0,28,7,4.42653315306,13.2486109561,3203,175.525692267,32,0.00909674738393,47699,37802,6.6875,515,408,428,2563,SPL,/home/se-metrics/root/repo_local/Other-RoboCup/RoboCup//SPL/HULKsCodeRelease.tar,HULKsCodeRelease,True,/home/se-metrics/root/Other_robo_proccessed/SPL_HULKsCodeRelease,SPL_HULKsCodeRelease,C++,
SPL_TKark_coderelease_2017,,,,,,,,,,,,,,,,,,,,,,,,,,,,,,,,,,,,,,,,,,,,,,,,,,,,,,,,,,,,,,,,,,,,,,,,,,,,,,,,,,,,,,,,,,,,,,,,,,,,,,,,,,,,,,,,,,,,,,,,,,,,,,,,,,,,,,,,,,,,,,,,,,,,,,,,,,,,,,,,,,,,,,,,,,,,,,,,,,,,,,,,,,,,,,,,,,,,,,,,,,,,,,,,,,,,,,,,,,,SPL,/home/se-metrics/root/repo_local/Other-RoboCup/RoboCup//SPL/TKark_coderelease_2017.tar,TKark_coderelease_2017,True,/home/se-metrics/root/Other_robo_proccessed/SPL_TKark_coderelease_2017,SPL_TKark_coderelease_2017,C++,
SPL_MRL-SPL,,,,,,,,,,,,,,,,,,,,,,,,,,,,,,,,,,,,,,,,,,,,,,,,,,,,,,,,,,,,,,,,,,,,,,,,,,,,,,,,,,,,,,,,,,,,,,,,,,,,,,,,,,,,,,,,,,,,,,,,,,,,,,,,,,,,,,,,,,,,,,,,,,,,,,,,,,,,,,,,,,,,,,,,,,,,,,,,,,,,,,,,,,,,,,,,,,,,,,,,,,,,,,,,,,,,,,,,,,,SPL,/home/se-metrics/root/repo_local/Other-RoboCup/RoboCup//SPL/MRL-SPL.tar,MRL-SPL,True,/home/se-metrics/root/Other_robo_proccessed/SPL_MRL-SPL,SPL_MRL-SPL,C++,
Small-Size-League_CMDragons2002-0,34.5441034774,8.11481481481,0,0,191,2,0,36,6.75,5.33096350883,20.7378253567,2191,430.057400523,67.5880228654,1.55073622378,0,0,34,1,0,4.8,1.8,7.00190356938,2.91208285103,418.698780421,8.48022653129,95.6205276265,10.2314035495,0,0,344,3,0,34,12.1263736264,8.63817604388,26.7841551665,2762.47895836,717.390967984,5.70147513911,0.989917514759,0,0,7.53846153846,1,0,2.66666666667,1.53370098039,1.58625797319,1.04757903535,267.277728985,1.09742183531,8.99007269635,3.04814814815,0,0,31,0,0,12,4,2.73367398852,5.25426860422,823,27.6073385653,0.46,4.70579719208,0.274074074074,0,0,3,0,0,2,0,2.41011494678,0.678174124537,74,0.459920143192,24.9236359602,3.0962962963,0,0,55,1,0,13,3,4.38361074877,6.27898373857,836,39.4256367892,31.8764532625,100.192592593,0,0,2064,13,0,468,104.25,4.773074937,218.186663248,27052,47605.4200193,169.489731324,33.1851851852,0,0,1522,5,0,127,41.75,11.8575234192,102.094218835,8960,10423.2295195,10.3147040928,4.9962962963,0,1,44,3,0,17,6,2.77761538676,6.36352182548,1349,40.4944100234,184.835268862,0.159259259259,0,0,23,0,0,0,0,13.1041843037,1.54505068053,43,2.3871816054,7.53050457672,6.68518518519,0,0,63,3,0,25,9,2.43331861402,9.76341717952,1805,95.3243150213,21.7486276698,3.17777777778,0,0,44,2,0,11,4,3.94418349626,5.25536251766,858,27.6188351921,9.7104953823,6.07777777778,0,0,63,3,0,24,8,2.62258611259,8.78943406467,1641,77.2541511772,15.8578086074,33.6925925926,0,0,492,8.5,0,141,36,3.52223742085,63.8637456766,9097,4078.57801184,223.828904964,17.3296296296,0,0,1595,0,0,72,9,14.4086706455,100.968611247,4679,10194.6604571,2,0.0301665978246,24190,27052,19,270,218,167,1805,Small-Size-League,/home/se-metrics/root/repo_local/Other-RoboCup/RoboCup//Small-Size-League/CMDragons2002-0.90-smallsize.tgz,CMDragons2002-0,True,/home/se-metrics/root/Other_robo_proccessed/Small-Size-League_CMDragons2002-0,Small-Size-League_CMDragons2002-0,C,
SPL_rUNSWift-2015-release,153.959261491,2.65072202166,0,0,213,0,0,13,1,10.2538001796,10.841297028,2937,117.533721249,247.998189703,1.51882863179,1,0,66,1,0,4.75,1.5,13.4891061984,3.18642214537,1682.86212403,10.1532860885,120.362130848,9.15284813548,0,0,380,3.75,0,36,9,9.53706044616,23.5092020145,10141.3557341,552.682579356,12.0313574513,1.11229383282,0,0,12,1,0,3,1.66666666667,2.50112984137,1.22144161616,1232.42156677,1.49191962169,17.3382788993,1.23555956679,0,0,21,0,0,6,2,3.73120765632,2.50230588384,1369,6.26153473629,0.04,2.50731231046,0.286101083032,0,0,2,0,0,2,0,1.9629655688,0.605832802458,317,0.367033384534,221.863485961,3.07220216606,1,0,177,1,0,10,3,12.0891022265,7.96629212002,3404,63.4618101416,54.0566788477,49.5442238267,0,0,1632,8,0,239,32.25,6.39982601482,138.286843114,54895,19123.2509783,37.4400369363,19.5794223827,0,0,558,5,0,87,16,5.33246293581,46.7128692194,21694,2182.0921507,184.439556635,2.63718411552,0,0,171,0,0,12,2,10.9618727229,8.18122136543,2922,66.9323830302,162.814147012,0.150722021661,0,0,22,0,0,0,0,12.0493000862,1.30658447227,167,1.70716298318,120.38632445,4.40342960289,0,0,177,2,0,17,5,8.60802065624,9.48553155673,4879,89.9753089137,496.302378348,1.32220216606,0,0,171,0,0,6,1,19.2415258089,6.24853903985,1465,39.0442401325,137.138974114,3.88989169675,0,0,173,1,0,14,4,9.30698546002,8.99556082365,4310,80.9201145321,47.4659942854,13.0315884477,0,0,381,3,0,64,11,5.78452251127,30.4056271596,14439,924.502162967,181.662417846,6.59476534296,0,0,588,0,0,27,3,11.8707269492,29.5167193391,7307,871.236720541,15,0.00239450950466,66547,54895,3.73333333333,1108,491,814,4879,SPL,/home/se-metrics/root/repo_local/Other-RoboCup/RoboCup//SPL/rUNSWift-2015-release.tar,rUNSWift-2015-release,True,/home/se-metrics/root/Other_robo_proccessed/SPL_rUNSWift-2015-release,SPL_rUNSWift-2015-release,C++,
SPL_The_Charismatisch_Shirley_02-05-2013,76.2281334841,4.80595084088,0,0,182,1,0,20,4,7.38390443912,12.5832405928,3715,158.337943816,58.8554771587,1.85539453657,1,1,35,1,0,6,2.125,5.44887492409,2.32344283125,1434.21997677,5.39838659009,52.3918759849,11.8666778545,0,1,260,6,0,44.1666666667,15,5.08713808425,17.8651715128,9172.9419815,319.164353181,23.2031966408,1.02514797228,0,0.2,13,1,0,2.7037037037,1.5,3.21969674857,1.08827079195,792.439382574,1.1843333166,16.1313093183,2.01293661061,0,0,35,0,0,9,2,3.26843380672,3.80309913061,1556,14.4635629973,0.09,6.00686877945,0.857697283312,1,0,6,1,0,3,1,2.11517799224,0.99503085403,663,0.990086400472,21.247072816,2.48124191462,1,1,31,2,0,8,3,3.53569004796,2.82544370576,1918,7.98313213441,77.331182522,92.2160413972,0,2,3473,16,0,460,78,7.01501357729,226.766030964,71283,51422.8327993,22.9734677565,34.3868046572,0,1,618,10,0,152,35,4.04532447876,64.4362896318,26581,4152.03542151,50.8652250803,5.65200517464,1,1,110,3,0,18,7,5.71539273107,8.89266663818,4369,79.0795199378,116.128597393,0.287192755498,0,0,21,0,0,1,0,9.47250205638,1.41340877423,222,1.99772436306,29.7879347443,4.98447606727,2,1,85,3,0,19,6,4.13873727654,7.03321263285,3853,49.4660799389,39.3000993761,3.0957309185,0,0,65,1,0,11,4,5.0861776711,5.6909750287,2393,32.3871967772,15.9820953799,3.0064683053,1,1,40,1,0,12,4,3.42406652109,4.52496924938,2324,20.4753467079,46.2159698057,23.830530401,0,2,592,8,0,109,22,5.55950092265,48.8150893956,18421,2382.9129527,40.345713765,6.53428201811,0,0,190,0,0,30,6,5.46361690718,16.5861833663,5051,275.101478661,34,0.00622532492342,87258,71283,6.94117647059,773,657,652,3853,SPL,/home/se-metrics/root/repo_local/Other-RoboCup/RoboCup//SPL/The_Charismatisch_Shirley_02-05-2013.tar,The_Charismatisch_Shirley_02-05-2013,True,/home/se-metrics/root/Other_robo_proccessed/SPL_The_Charismatisch_Shirley_02-05-2013,SPL_The_Charismatisch_Shirley_02-05-2013,C++,
SPL_rUNSWift-2014-release,163.093583709,2.62137681159,0,0,215,0,0,13,1,10.4675110984,10.6992062774,2894,114.473014966,239.40190348,1.53194947943,1,0,66,1,0,5,1.5,13.2018830243,3.2172970052,1691.27222529,10.3510000197,116.539881133,9.29894821285,0,0,380,3.775,0,37,9,9.35146256677,23.7114484764,10266.038827,562.232788847,12.2969930369,1.11111496082,0,0,12,1,0,3,1.66666666667,2.52281157371,1.21592454006,1226.67091674,1.47847248712,17.480375446,1.23550724638,0,0,21,0,0,6,2,3.74440917818,2.50127222678,1364,6.25636275244,0.04,2.41908381382,0.289855072464,0,0,2,0,0,2,0,1.94208603127,0.609122532852,320,0.371030260029,221.589331325,3.06884057971,1,0,177,1,0,10,3,12.0899282117,7.97620941903,3388,63.6199166962,55.4306141839,49.0769927536,0,0,1632,8,0,239,33,6.4141928109,135.062258421,54181,18241.8136497,32.3937125124,19.6132246377,0,0,483,5,0,87,16,5.05337159253,45.9150921895,21653,2108.19569077,188.835237114,2.60235507246,0,0,171,0,0,12,2,10.9669271358,8.05074758059,2873,64.8145366064,159.957527143,0.152173913043,0,0,22,0,0,0,0,11.9535707964,1.31537900409,168,1.7302219244,121.236672905,4.37862318841,0,0,177,2,0,17,4,8.6540281481,9.47907632838,4834,89.8528880392,504.027546374,1.29076086957,0,0,171,0,0,6,1,19.4791369363,6.23182148797,1425,38.8355990579,137.292975064,3.87047101449,0,0,173,1,0,15,4,9.32413813066,9.00259242179,4273,81.0466703128,44.870284744,12.9030797101,0,0,381,3,0,59,11,5.62743806938,29.8320568073,14245,889.951613354,188.841523299,6.53804347826,0,0,588,0,0,28,3,12.0770227643,29.1753755846,7218,851.202540502,15,0.00237658822447,66905,54181,3.73333333333,1104,488,812,4834,SPL,/home/se-metrics/root/repo_local/Other-RoboCup/RoboCup//SPL/rUNSWift-2014-release.tar,rUNSWift-2014-release,True,/home/se-metrics/root/Other_robo_proccessed/SPL_rUNSWift-2014-release,SPL_rUNSWift-2014-release,C++,
Humanoid_HROS5-Framework,3.63644598975,4.48,0,0,30,1.5,0,23,6,2.04655096888,6.92890301344,448,48.0096969697,7.26759277813,2.7189935364,0,0,23,1.02083333333,0,11,3.51388888889,2.49245175356,4.12065022969,271.89935364,16.9797583154,4.06671897659,17.6429335269,0,0,123,5.72916666667,0,87,24.8888888889,2.08466673874,27.204568383,1764.29335269,740.088540908,6.92469813002,0.694451006289,0,0,5,0.5,0,2.5,1,2.22501179899,0.898371347405,69.4451006289,0.807071077838,4.81632387425,2.02,0,0,17,0,0,9,2,2.20712783643,3.52187966342,202,12.4036363636,0.13,15.8957777359,0.05,0,0,1,0,0,0,0,4.19263664833,0.219042913558,5,0.0479797979798,10.8491110343,2.3,0,0,20,1,0,9,3,2.95921133049,3.50324524873,230,12.2727272727,21.4221177907,153.35,0,0,2165,25.5,0,653,183.75,3.99479147391,298.667558677,15335,89202.3106061,2.68951366949,60.3,0,0,420,7.5,0,271,72.5,1.81877092559,95.9917399645,6030,9214.41414141,18.5295396117,7.89,0,0.75,96,3,0,31,8.5,3.74675392811,13.6440278125,789,186.159494949,67.3236277745,0.05,0,0,3,0,0,0,0,7.88556749004,0.329523684408,5,0.108585858586,6.00469140081,6.85,0,0,55,2.5,0,25,9,2.2189474982,10.0547742316,685,101.098484848,13.1164931072,5.12,0,0,50,2,0,19,6,3.50933045813,9.47008047708,512,89.6824242424,7.26334498728,6.33,0,0,55,2,0,24,8.25,2.43621845264,9.80625959644,633,96.1627272727,17.5573977558,34.68,0,0,420,8.5,0,134,50.25,3.63711755143,62.2010230842,3468,3868.96727273,31.7652294124,8.55,0,0,171,0,0,30,8,5.3485553974,24.4087147047,855,595.785353535,2,0.0452525252525,15330,15335,11,100,75,64,685,Humanoid,/home/se-metrics/root/repo_local/Other-RoboCup/RoboCup//Humanoid/HROS5-Framework,HROS5-Framework,True,/home/se-metrics/root/Other_robo_proccessed/Humanoid_HROS5-Framework,Humanoid_HROS5-Framework,C++,
Small-Size-League_robocup-software,,,,,,,,,,,,,,,,,,,,,,,,,,,,,,,,,,,,,,,,,,,,,,,,,,,,,,,,,,,,,,,,,,,,,,,,,,,,,,,,,,,,,,,,,,,,,,,,,,,,,,,,,,,,,,,,,,,,,,,,,,,,,,,,,,,,,,,,,,,,,,,,,,,,,,,,,,,,,,,,,,,,,,,,,,,,,,,,,,,,,,,,,,,,,,,,,,,,,,,,,,,,,,,,,,,,,,,,,,,Small-Size-League,/home/se-metrics/root/repo_local/Other-RoboCup/RoboCup//Small-Size-League/robocup-software,robocup-software,,/home/se-metrics/root/Other_robo_proccessed/Small-Size-League_robocup-software,Small-Size-League_robocup-software,,
Humanoid_BIU,6.66434856716,3.33519553073,0,0,30,1,0,18,4,2.5593857628,5.76793162359,597,33.2690352144,13.0684969877,2.24506762079,0,0,23,1,0,10.4444444444,2.19444444444,3.3812958499,3.73477250431,401.867104121,13.9485256589,20.638502479,15.1007737311,0,0,224,5.70833333333,0,69.6666666667,14.7142857143,4.04396928205,29.5535895127,2703.03849786,873.414653087,4.34878952863,0.7314247655,0,0,5,0.5,0,2.5,1,1.82810106238,0.89581273767,130.925033024,0.802480460971,7.97363560424,1.57541899441,0,0,17,0,0,8,2,2.63997342605,2.90266425812,282,8.42545979537,0.05,15.5882890223,0.0893854748603,0,0,2,0,0,1,0,3.85986260427,0.322993654947,16,0.104324901136,10.4593422943,2.31843575419,0,0,20,1,0,9,3,2.70519131483,3.06928345224,415,9.42050091018,28.1119852839,118.843575419,0,0,2165,24,0,633,124.5,4.51893039918,249.173911787,21273,62087.6383152,6.60940788648,46.7094972067,0,0,453,8,0,253,43.5,2.5653759548,86.2938829532,8361,7446.63423514,29.480698658,5.97206703911,0,0,96,2,0,23,6,4.58946634088,10.8443689979,1069,117.600338962,39.7880181825,0.0782122905028,0,0,3,0,0,0,0,6.17754633972,0.416681835976,14,0.173623752432,7.9212977652,6.0782122905,0,0,55,3,0,23,8,2.39624910797,8.47962032352,1088,71.9039608311,20.5823492462,3.94413407821,0,0,50,2,0,16,4,4.17736621301,7.61409151212,706,57.974389555,11.7475221865,5.16759776536,0,0,55,2,0,23,6,2.95905785752,7.95809674152,925,63.3313037474,26.9444299393,26.0837988827,0,0,420,8,0,107,33,4.38528783274,49.9283612079,4669,2492.8412529,51.7995780676,6.28491620112,0,0,171,0,0,27,5.5,6.64422714194,18.9793603558,1125,360.216119515,5,0.0187370535434,23102,21273,7.8,179,132,123,1088,Humanoid,/home/se-metrics/root/repo_local/Other-RoboCup/RoboCup//Humanoid/BIU,BIU,True,/home/se-metrics/root/Other_robo_proccessed/Humanoid_BIU,Humanoid_BIU,C++,
SPL_The_BloodyHoly_Crusade_08-04-2013,68.5691316194,4.62320730117,0,0,159,1,0,19,4,7.10979861774,11.8891807955,3546,141.352619987,59.1557273809,1.85622446085,1,1,35,1,0,6,2.125,5.47406484799,2.32495006257,1423.72416147,5.40539279345,52.6517143974,11.8491408651,0,1,260,6,0,44,15,5.11153848175,17.8799276532,9088.29104355,319.691812882,23.2642927235,1.03316738276,0,0.25,13,1,0,2.7037037037,1.5,3.22535690149,1.08872120816,792.439382574,1.1853138691,17.4352524053,1.96219035202,0,0,35,0,0,9,2,3.32867150339,3.68857942474,1505,13.6056181726,0.09,5.98053430922,0.864406779661,1,0,6,1,0,3,1,2.11026608572,0.996009207207,663,0.992034340842,21.1530254651,2.49543676662,1,1,31,2,0,8,3,3.52806263359,2.83159487592,1914,8.01792954136,77.9043007311,91.6883963494,0,3,3473,16,0,454,77.5,7.05864102738,226.839502637,70325,51456.1599566,22.8632568089,34.4498044329,0,1,618,10,0,152,35,4.03844599343,64.6189454944,26423,4175.6081168,52.0621004743,5.6075619296,1,1,110,3,0,18,7,5.78510898294,8.84984076953,4301,78.319681646,115.226132786,0.289439374185,0,0,21,0,0,1,0,9.43569255065,1.4187040656,222,2.01272122576,29.9306491568,4.98174706649,2,1,85,3,0,19,6,4.15712211711,7.03921730263,3821,49.5505802336,40.2679557709,3.03780964798,0,0,65,1,0,11,4,5.12525917186,5.57946434258,2330,31.1304223501,16.4293718859,2.98826597132,1,1,40,1,0,12,3.5,3.47188834342,4.50455157016,2292,20.2909848482,49.7964708187,23.3807040417,0,2,592,8,0,106,22,5.73866331057,47.7950754318,17933,2284.36923554,40.8731179417,6.47588005215,0,0,190,0,0,30,6,5.49520089556,16.5096420827,4967,272.568281698,34,0.00603551866994,86013,70325,6.94117647059,767,651,649,3821,SPL,/home/se-metrics/root/repo_local/Other-RoboCup/RoboCup//SPL/The_BloodyHoly_Crusade_08-04-2013.tar,The_BloodyHoly_Crusade_08-04-2013,True,/home/se-metrics/root/Other_robo_proccessed/SPL_The_BloodyHoly_Crusade_08-04-2013,SPL_The_BloodyHoly_Crusade_08-04-2013,C++,
SPL_nao_Deviles_CodeRelease2016,,,,,,,,,,,,,,,,,,,,,,,,,,,,,,,,,,,,,,,,,,,,,,,,,,,,,,,,,,,,,,,,,,,,,,,,,,,,,,,,,,,,,,,,,,,,,,,,,,,,,,,,,,,,,,,,,,,,,,,,,,,,,,,,,,,,,,,,,,,,,,,,,,,,,,,,,,,,,,,,,,,,,,,,,,,,,,,,,,,,,,,,,,,,,,,,,,,,,,,,,,,,,,,,,,,,,,,,,,,SPL,/home/se-metrics/root/repo_local/Other-RoboCup/RoboCup//SPL/nao_Deviles_CodeRelease2016.tar,nao_Deviles_CodeRelease2016,True,/home/se-metrics/root/Other_robo_proccessed/SPL_nao_Deviles_CodeRelease2016,SPL_nao_Deviles_CodeRelease2016,C++,
SPL_UPennalizers,95.2190643444,4.85519125683,0,0,238,0,0,23,2,8.43357970173,17.4251687861,1777,303.636507224,16.6892116127,1.74680122123,0,0,19,1.09090909091,0,6,2,3.36755352051,2.39881480128,639.329246968,5.75431245082,10.3397073015,14.0524504853,0,0,140.5,8.70769230769,0,48.875,17.9722222222,2.72810209009,19.5267761335,5143.19687763,381.29498617,39.5530009558,0.918713048749,0,0,13,1,0,2.63636363636,1.1,4.44261930096,1.10897148938,336.248975842,1.22981776425,53.2249258315,1.5737704918,0,0,37,0,0,6,2,5.59764941244,3.02569280948,576,9.15481697732,0.02,7.76268720077,0.153005464481,0,0,2,0,0,1,0,2.85475617138,0.42339687651,56,0.179264915039,3.20542361901,3.01912568306,0,0,20,2,0,11,4,1.72872973101,3.68293588971,1105,13.5640167677,27.5447992439,83.8907103825,0,0,1257,27,0,306,107,4.54406589466,152.09183985,30704,23131.9277491,7.5269837816,32.9289617486,0,0,323,15,0,149,38,2.51602308771,50.7658647315,12052,2577.17302193,29.5311489176,5.20218579235,0,1,91,3,0,22,5,4.56048842623,9.14735357363,1904,83.674077401,113.40533064,0.0409836065574,0,0,4,0,0,0,0,9.9014089152,0.297870275624,15,0.0887267011004,19.9066008781,4.48633879781,0,0,59,2,0,14,7,3.17471191699,5.95955125965,1642,35.5162512164,29.5465681088,4.84972677596,0,0,89,3,0,22,5,4.62006627782,9.0542860467,1775,81.9800958156,21.4457525663,4.31147540984,0,0,59,2,0,14,7,3.21687015046,5.82401542112,1578,33.9191556254,96.8772999639,18.9071038251,0,0,577,7,0,80,20,8.24080985855,41.6241776925,6920,1732.57216858,41.4366290002,8.1174863388,0,0,222,0,0,36,7,5.51247301498,20.501115779,2971,420.295748185,1,0.0133018938543,26612,30704,2,366,285,255,1642,SPL,/home/se-metrics/root/repo_local/Other-RoboCup/RoboCup//SPL/UPennalizers.tar,UPennalizers,True,/home/se-metrics/root/Other_robo_proccessed/SPL_UPennalizers,SPL_UPennalizers,C,
aibo_CMPack04_Release,60.7264167294,8.47810858144,0,0,311,2,0,36,6,6.63561680206,23.557785481,4841,554.969256767,19.0179256034,2.08684995548,0,0,24,1,0,6.8,2.91379310345,3.58515955424,2.90038813518,1191.59132458,8.41225133472,446.262944599,23.3562183379,0,0,3171,6.75,0,53.625,19.0833333333,20.189073165,140.406697843,13336.400671,19714.0407992,44.9656949872,1.16646343014,0,0,18.5,1,0,3,2,4.28547708643,1.37176838396,666.050618611,1.88174849923,14.3505346899,3.71278458844,0,0,57,1,0,16,5,3.14711648222,6.32606646893,2120,40.0191169693,0.31,4.76874175484,0.339754816112,0,0,3,0,0,2,0,2.28313228765,0.710926706408,194,0.505416781885,26.9548478259,2.71978984238,1,0,47,1,0,9,3,4.40233487602,4.74122761044,1553,22.479239254,152.590309686,154.479859895,0,0,8770,21,0,551,135,10.8521969539,525.535470481,88208,276187.530734,149.533866798,63.0753064799,0,0,3171,12,0,230,61,11.1243116544,217.054855068,36016,47112.8101085,25.1302875179,8.02276707531,0,2,116,4,0,27,9.5,4.26482690579,12.4592461282,4581,155.232814084,109.60601028,0.190893169877,0,0,20,0,0,0,0,9.93524841876,1.42914073343,109,2.04244323594,23.9109116368,5.9054290718,0,0,92,2,0,23,8,3.98516168669,9.56922086783,3372,91.5699880173,36.6553844284,5.42206654991,0,0,116,2,0,22,5,5.30109291931,11.4646123691,3096,131.437336775,33.9116158203,5.14010507881,0,0,92,2,0,18,7,4.64814971109,8.31346314496,2935,69.1136694626,69.0902188461,35.9369527145,0,0,1145,10,0,145,35,6.60861132607,80.9988058207,20520,6560.80654438,150.746826885,18.411558669,0,0,1155,1,0,72,12,11.1972591731,75.2131040714,10513,5657.01102406,13,0.0148738747043,78460,88208,6.69230769231,571,475,407,3372,aibo,/home/se-metrics/root/repo_local/Other-RoboCup/RoboCup//aibo/CMPack04_Release.tar.gz,CMPack04_Release,True,/home/se-metrics/root/Other_robo_proccessed/aibo_CMPack04_Release,aibo_CMPack04_Release,C,
SPL_rUNSWift-2010-release,18.4977088232,2.90060240964,0,0,58,0,0,17,2,3.78280549302,6.82179727528,963,46.536918065,9.93911457314,1.7313486263,1,1,14.125,1,0,6,2.1456043956,2.73827497046,2.12027275128,574.807743933,4.49555653983,6.53901412107,9.71023006577,0,1,89,4,0,39,11.3709677419,2.32354821067,13.8254120993,3223.79638184,191.142019716,5.17775048731,1.03548147744,0,0,7,1,0,3,1.5,1.65055102506,1.04621353231,343.77985051,1.09456275518,8.00210154606,1.55722891566,0,0,19,0,0,7,2,2.45473557373,2.62564200211,517,6.89399592327,0.03,0.967021114076,0.367469879518,0,0,2,0,0,2,1,1.44270930901,0.610008852144,122,0.372110799694,83.5563393174,3.41265060241,0,1,80,2,0,9,4,8.12632624335,6.6850753345,1133,44.690232228,17.0822151104,64.1084337349,0,2.75,1054,14,0,295,47.25,3.83493415941,138.466156241,21284,19172.8764241,23.6719979958,25.515060241,0,1,456,7,0,108,24,4.19774183261,50.506226612,8471,2550.87892658,52.3861611098,4.19879518072,0,0,105,1,0,18,4,6.03047484205,9.08983023218,1394,82.6250136498,86.3745980989,0.189759036145,0,0,15,0,0,0,0,8.96187148106,1.34304202291,63,1.8037618753,49.5588085459,4.71686746988,0,1,80,3,0,13,6,5.97595602371,7.56470288476,1566,57.2247297346,173.19906992,1.80120481928,0,0,105,0,0,8,1.25,11.7340352035,6.68787953562,598,44.727732683,62.1219675197,3.64759036145,0,1,77,2,0,10,4,6.9418669196,6.93643301254,1211,48.1141029374,32.8203649551,15.1897590361,0,1,294,6,0,68,16,4.90528113835,29.9915922348,5043,899.495604776,49.4091422076,7.32228915663,0,0,228,0,0,32,6,6.31558715334,21.4188918405,2431,458.768927674,10,0.00876314927383,36006,21284,4,332,207,256,1566,SPL,/home/se-metrics/root/repo_local/Other-RoboCup/RoboCup//SPL/rUNSWift-2010-release.tar,rUNSWift-2010-release,True,/home/se-metrics/root/Other_robo_proccessed/SPL_rUNSWift-2010-release,SPL_rUNSWift-2010-release,C++,
3Dsim_utaustinvilla3d,17.9284540323,5.44805194805,0,0,71,1,0,23,6,3.91650643307,11.3131551673,839,127.98747984,50.5957674324,2.23970022653,1,1,52.5,1.03928299008,0,4,1.66,6.76137545941,5.65071091265,344.913834886,31.9305338184,98.3714682495,14.3423956113,0,3.97222222222,493,5.88,-8,43.94,11.2141666667,9.29516975154,43.4827284954,2208.72892413,1890.74767741,2.42211024389,1.18204556254,0,0.35,5.5,1,0,2.66666666667,1.7316017316,1.25070323797,1.05052351069,182.035016631,1.10359964651,15.7751683181,1.88311688312,0,0,24,1,0,9,2,3.61063520049,3.50526784138,290,12.2869026398,0.12,2.25040230352,0.279220779221,0,0,2,0,0,1,0,1.76189869623,0.530097453696,43,0.281003310415,42.100710586,5.35714285714,1,1,96,2,0,23,4,5.45672109555,10.1464302435,825,102.950046685,19.5137122422,141.103896104,0,10,2197,31.5,-56,833,128.5,4.05941746205,302.811794022,21730,91694.9825991,30.0100800652,38.2402597403,0,5.25,650,11.5,0,164,28,5.00080951251,85.3511053181,5889,7284.81117902,18.833524918,6.29220779221,2,1,85,2,0,33,5,3.98712372297,12.0450816175,969,145.083991172,45.8855283111,0.214285714286,0,0,10,0,0,1,0,6.51478300254,1.14882313021,33,1.3197945845,10.5519446039,11.0064935065,3,2,108,4,0,44,15.25,2.84325526084,16.3229245558,1695,266.437866056,34.5550225004,4.02597402597,0,0,85,1,0,19,3,5.44430252973,10.5737052403,620,111.803242509,12.7983766206,10.0844155844,3,2,108,3,0,35,12,3.04037496798,15.15193264,1553,229.581062728,13.9077589077,38.6233766234,0,3,485,12,0,223,39.5,3.57615593615,77.1329450667,5948,5949.49121467,117.794528289,17.0649350649,0,0,960,1.5,0,66,6,10.3432356565,81.7189248827,2628,6677.98268398,5,0.035608182667,22877,21730,5,154,134,135,1695,3Dsim,/home/se-metrics/root/repo_local/Other-RoboCup/RoboCup//3Dsim/utaustinvilla3d,utaustinvilla3d,True,/home/se-metrics/root/Other_robo_proccessed/3Dsim_utaustinvilla3d,3Dsim_utaustinvilla3d,C++,
SPL_The_Equality_Policy_26-06-2015,,,,,,,,,,,,,,,,,,,,,,,,,,,,,,,,,,,,,,,,,,,,,,,,,,,,,,,,,,,,,,,,,,,,,,,,,,,,,,,,,,,,,,,,,,,,,,,,,,,,,,,,,,,,,,,,,,,,,,,,,,,,,,,,,,,,,,,,,,,,,,,,,,,,,,,,,,,,,,,,,,,,,,,,,,,,,,,,,,,,,,,,,,,,,,,,,,,,,,,,,,,,,,,,,,,,,,,,,,,SPL,/home/se-metrics/root/repo_local/Other-RoboCup/RoboCup//SPL/The_Equality_Policy_26-06-2015.tar,The_Equality_Policy_26-06-2015,True,/home/se-metrics/root/Other_robo_proccessed/SPL_The_Equality_Policy_26-06-2015,SPL_The_Equality_Policy_26-06-2015,C++,
SPL_nbites,,,,,,,,,,,,,,,,,,,,,,,,,,,,,,,,,,,,,,,,,,,,,,,,,,,,,,,,,,,,,,,,,,,,,,,,,,,,,,,,,,,,,,,,,,,,,,,,,,,,,,,,,,,,,,,,,,,,,,,,,,,,,,,,,,,,,,,,,,,,,,,,,,,,,,,,,,,,,,,,,,,,,,,,,,,,,,,,,,,,,,,,,,,,,,,,,,,,,,,,,,,,,,,,,,,,,,,,,,,SPL,/home/se-metrics/root/repo_local/Other-RoboCup/RoboCup//SPL/nbites.tar,nbites,True,/home/se-metrics/root/Other_robo_proccessed/SPL_nbites,SPL_nbites,Java,
SPL_rUNSWift-2017-release,166.673221113,2.79465056083,0,0,222,0,0,15,1,10.5853739021,10.9641087738,3239,120.211681203,242.930182091,1.51932236817,1,0,66,1,0,5,1.5,13.2454203065,3.1686538767,1760.89462471,10.0403673903,109.670283733,9.30710268767,0,0,380,3.8,0,36.6666666667,8.34848484848,9.03409729614,23.8540521045,10786.932015,569.015801806,12.2679758882,1.11512284132,0,0,12,1,0,3,1.66666666667,2.54115631314,1.23206034212,1292.42737309,1.51797268662,35.7017714141,1.27523727351,0,0,35,0,0,6,1,4.89983169898,2.7618795554,1478,7.62797867854,0.02,2.45634229978,0.288179465056,0,0,2,0,0,2,0,1.94580177468,0.604922280989,334,0.365930966037,230.755755197,3.02674719586,1,0,177,1,0,10,3,12.3208563252,7.80373293369,3508,60.8982477003,93.2100154525,56.4124245039,0,0,2885,8,0,265,32,8.33183326792,183.84211439,65382,33797.9230234,77.9865884813,21.4857635893,0,0,966,5,0,91,15,7.20802459312,58.8624132346,24902,3464.7836918,160.266493012,2.80069025022,0,0,170,0,0,12,2,10.2429581381,8.43029733564,3246,71.0699131674,169.535864047,0.151855047455,0,0,22,0,0,0,0,12.3326017212,1.29409229985,176,1.67467488053,107.529935776,4.57118205349,0,0,177,2,0,18,5,8.14552839998,9.73801364455,5298,94.8289097414,447.598970316,1.39603106126,0,0,170,0,0,7,1,18.0583526922,6.31944812847,1618,39.9354246484,130.608327623,4.03278688525,0,0,173,2,0,16,4,8.98141438127,9.00128344804,4674,81.0231037119,65.7729660932,14.3563416739,0,0,510,3,0,65,12,6.75249698718,35.8324617023,16639,1283.96531165,207.759796136,7.06125970664,0,0,696,0,0,26,3,13.0263976984,35.5828917499,8184,1266.14218529,21,0.00241334245322,75899,65382,4.52380952381,1159,530,860,5298,SPL,/home/se-metrics/root/repo_local/Other-RoboCup/RoboCup//SPL/rUNSWift-2017-release.tar,rUNSWift-2017-release,True,/home/se-metrics/root/Other_robo_proccessed/SPL_rUNSWift-2017-release,SPL_rUNSWift-2017-release,C++,
aibo_CMPack03_Release,62.5991684534,6.86873508353,0,0,216,2,0,33,6,6.58383927277,16.9503765205,2878,287.315264186,228.468686371,2.02346789837,0,0,84,1,0,6.91304347826,2.76209677419,13.2601289568,4.66712541495,847.833049418,21.7820596389,75.8788515137,18.8955392074,0,0,709,5,0,53.6666666667,21.0909090909,7.98415393724,56.871926593,7917.2309279,3234.41603439,2.30878904031,0.962820528129,0,0,6,0.666666666667,0,3,1.73214285714,1.38880633683,1.12770620429,403.421801286,1.27172128318,18.4691487726,3.26014319809,0,0,50,0,0,16,4,3.58504365798,6.13653354905,1366,37.6570439986,0.17,12.1648359334,0.131264916468,0,0,3,0,0,1,0,3.14775987394,0.371793884847,55,0.138230692809,26.8175035427,2.12649164678,0,0,37,1,0,9,2,4.52185970895,4.15037207726,891,17.2255883797,88.2170434923,125.952267303,0,0,4989,14,0,467,106,8.45059017841,409.867048829,52774,167990.997716,41.8208640636,51.4892601432,0,0,1269,9,0,189,51.5,5.90109759418,134.068224274,21574,17974.28876,22.9181308018,7.0214797136,0,1,103,4,0,24,8,4.09051506679,11.0456649665,2942,122.006714552,112.477466651,0.0930787589499,0,0,9,0,0,0,0,10.2052847567,0.737527760245,39,0.543947197131,24.4806921174,4.45823389021,0,0,76,1,0,18,6,4.06144296494,7.83777185728,1868,61.4306676868,38.9133442933,4.83293556086,0,0,103,2,0,18,5,5.47332937243,9.87388240775,2025,97.4935538021,37.4056016855,3.8830548926,0,0,76,1,0,14,5.5,4.87277908,6.84574915947,1627,46.8642815544,64.6075195007,29.3198090692,0,0,919,6,0,125,29,6.75483570544,72.8474375124,12285,5306.74915212,197.921983711,15.1503579952,0,0,1400,0,0,48,8,13.1357781068,83.7654438727,6348,7016.64958719,7,0.0164323805826,69052,52774,4.42857142857,419,340,258,1868,aibo,/home/se-metrics/root/repo_local/Other-RoboCup/RoboCup//aibo/CMPack03_Release.tar.gz,CMPack03_Release,True,/home/se-metrics/root/Other_robo_proccessed/aibo_CMPack03_Release,aibo_CMPack03_Release,C++,
SPL_nao-ball-perceptor-2016,,,,,,,,,,,,,,,,,,,,,,,,,,,,,,,,,,,,,,,,,,,,,,,,,,,,,,,,,,,,,,,,,,None,,,,,,,,,,,,,,,,,,,,,,,,,,,,,,,,,,,,,,,,,,,,,,,,,,,,,,,,,,,,,,,,,,,,,,,,,,,,,,,,,,,,,,,,,,,,,,,,,,,,,,,,,,,,,,,,,,,,,,,,,,,,,,,,,,,,,,,,,,,,,,,,0,1,0,0,0,0,0,0,0,SPL,/home/se-metrics/root/repo_local/Other-RoboCup/RoboCup//SPL/nao-ball-perceptor-2016.tar,nao-ball-perceptor-2016,True,/home/se-metrics/root/Other_robo_proccessed/SPL_nao-ball-perceptor-2016,SPL_nao-ball-perceptor-2016,C++,
SPL_Nao_DEvils_CodeRelease2017,,,,,,,,,,,,,,,,,,,,,,,,,,,,,,,,,,,,,,,,,,,,,,,,,,,,,,,,,,,,,,,,,,,,,,,,,,,,,,,,,,,,,,,,,,,,,,,,,,,,,,,,,,,,,,,,,,,,,,,,,,,,,,,,,,,,,,,,,,,,,,,,,,,,,,,,,,,,,,,,,,,,,,,,,,,,,,,,,,,,,,,,,,,,,,,,,,,,,,,,,,,,,,,,,,,,,,,,,,,SPL,/home/se-metrics/root/repo_local/Other-RoboCup/RoboCup//SPL/Nao_DEvils_CodeRelease2017.tar,Nao_DEvils_CodeRelease2017,True,/home/se-metrics/root/Other_robo_proccessed/SPL_Nao_DEvils_CodeRelease2017,SPL_Nao_DEvils_CodeRelease2017,C++,
