,player_fast_block_instructions_info_max,player_fast_block_instructions_info_min,player_fast_block_instructions_info_std,player_fast_block_instructions_info_sum,player_fast_blocks_sizes_info_max,player_fast_blocks_sizes_info_min,player_fast_blocks_sizes_info_std,player_fast_blocks_sizes_info_sum,player_fast_complex_mccabe,player_fast_number_of_CFG_nodes_that_return_a_value,player_fast_simple_mccabe,player_fast_system_calls_count,player_function_cc_radare2_max,player_function_cc_radare2_mean,player_function_cc_radare2_std,player_function_cc_radare2_sum,binary_player_number_lines,results_team,results_Unnamed: 0,results_loss,results_S,results_R,results_games,results_tie,results_win,results_win_diff,results_win_rate,results_goals_diff,results_loss_rate,results_rank
1,,,,,,,,,,,,,6.0,1.05319148936,0.421926213086,297.0,679428.0,yushan2014,664,8.0,26,18,17,1.0,8.0,0.0,0.4705882352941176,0.4705882352941176,0.4705882352941176,0.0
2,90.0,0.0,4.0220978171,138516.0,398.0,0.0,22.5677110279,644743.0,69979.0,1367.0,31603.0,0.0,286.0,10.9432485323,24.6294000492,11184.0,140585.0,infographics,651,8.0,22,20,17,2.0,7.0,-0.05882352941176471,0.4117647058823529,0.1176470588235294,0.4705882352941176,0.0
3,45.0,0.0,2.8324399453900004,50945.0,399.0,0.0,14.407607758800001,214136.0,33438.0,643.0,14866.0,0.0,126.0,12.161538461500001,20.2240541649,4743.0,387448.0,helios2014,1112,2.0,38,8,16,3.0,11.0,0.5625,0.6875,1.875,0.125,0.0
5,90.0,0.0,4.05138624118,147847.0,400.0,0.0,22.5767198001,679696.0,74615.0,1627.0,32919.0,0.0,335.0,8.93650793651,23.013779871999997,11260.0,150281.0,gliders2014,1150,2.0,47,10,17,2.0,13.0,0.6470588235294118,0.7647058823529411,2.176470588235294,0.1176470588235294,2.0
6,,,,,,,,,,,,,215.0,10.72823219,21.824296848600007,12198.0,142060.0,enigma,139,17.0,5,70,18,1.0,0.0,-0.9444444444444444,0.0,-3.611111111111111,0.9444444444444444,0.0
7,81.0,0.0,4.31155808176,268702.0,400.0,0.0,24.682580941999998,1291587.0,130281.0,2102.0,57725.0,0.0,431.0,14.254043126700001,28.651653844400002,21153.0,271333.0,parsian,548,8.0,23,33,15,2.0,5.0,-0.2,0.3333333333333333,-0.6666666666666666,0.5333333333333333,0.0
10,76.0,0.0,3.93188468234,149474.0,393.0,0.0,23.120196552800003,726153.0,78240.0,1614.0,34600.0,0.0,284.0,11.0498251748,23.2895306464,12641.0,151420.0,cyrus2014,862,5.0,14,13,17,4.0,8.0,0.17647058823529413,0.4705882352941176,0.05882352941176471,0.29411764705882354,0.0
11,116.0,0.0,8.62302350967,236445.0,400.0,0.0,38.9928482204,1014905.0,67416.0,2541.0,37344.0,0.0,231.0,4.3720588235300015,13.0360098429,8919.0,231669.0,oxsy,864,4.0,33,20,17,6.0,7.0,0.17647058823529413,0.4117647058823529,0.7647058823529411,0.2352941176470588,1.0
12,,,,,,,,,,,,,271.0,10.2434456929,19.2826770203,13675.0,194095.0,hermes,469,8.0,10,23,17,6.0,3.0,-0.29411764705882354,0.17647058823529413,-0.7647058823529411,0.4705882352941176,0.0
13,81.0,0.0,3.93283063002,117863.0,391.0,0.0,21.621566392,535463.0,63086.0,1300.0,27968.0,0.0,271.0,9.259685863869999,19.6253281669,8843.0,117679.0,hfutengine,444,10.0,18,42,15,0.0,5.0,-0.3333333333333333,0.3333333333333333,-1.6,0.6666666666666666,0.0
14,166.0,0.0,7.01708659618,208319.0,398.0,0.0,25.2030853815,698726.0,60218.0,2058.0,30702.0,0.0,431.0,9.88302425107,36.639575588,13856.0,186220.0,amoynq,1190,1.0,26,2,8,0.0,7.0,0.75,0.875,3.0,0.125,0.0
15,,,,,,,,,,,,,80.0,4.48894348894,8.067315110080001,7308.0,114460.0,one,782,7.0,31,37,17,2.0,8.0,0.05882352941176471,0.4705882352941176,-0.35294117647058826,0.4117647058823529,0.0
17,,,,,,,,,,,,,430.0,10.234580557000001,28.2900059294,59903.0,387436.0,helios2008,1042,3.0,41,13,13,1.0,9.0,0.4615384615384616,0.6923076923076923,2.1538461538461537,0.2307692307692308,1.0
18,,,,,,,,,,,,,544.0,8.23479619742,39.6608746769,63235.0,415760.0,ncl08,790,11.0,55,58,28,4.0,13.0,0.07142857142857142,0.4642857142857143,-0.10714285714285714,0.3928571428571429,0.0
19,,,,,,,,,,,,,636.0,17.0929940871,73.75072998350001,95396.0,640623.0,hana,851,4.0,15,9,12,2.0,6.0,0.16666666666666666,0.5,0.5,0.3333333333333333,0.0
20,136.0,0.0,4.77582713183,358497.0,400.0,0.0,19.501227006,1390424.0,177389.0,1769.0,89623.0,0.0,330.0,15.4485373781,30.7700784984,14259.0,84675.0,ath,162,9.0,4,25,11,2.0,0.0,-0.8181818181818182,0.0,-1.9090909090909087,0.8181818181818182,0.0
21,,,,,,,,,,,,,1233.0,9.67695783133,50.634263356800005,12851.0,206602.0,hfutengine2d,886,7.0,37,16,20,2.0,11.0,0.2,0.55,1.05,0.35,0.0
23,128.0,0.0,8.584327209360001,150549.0,400.0,0.0,32.4764067102,537054.0,42695.0,1772.0,22537.0,0.0,417.0,11.498078401199999,49.6810986627,14959.0,140055.0,oxsy,1095,6.0,87,39,31,3.0,22.0,0.5161290322580645,0.7096774193548387,1.5483870967741935,0.1935483870967742,0.0
24,112.0,0.0,5.45454607069,505570.0,400.0,0.0,21.2225430123,1890451.0,195966.0,5171.0,110482.0,0.0,85.0,7.60869565217,17.4149838793,175.0,483321.0,brainstormers08,1215,1.0,36,4,11,0.0,10.0,0.8181818181818182,0.9090909090909092,2.9090909090909087,0.09090909090909093,3.0
25,95.0,0.0,4.26439578523,371423.0,400.0,0.0,17.3007962409,1268607.0,153527.0,5888.0,87687.0,0.0,268.0,9.36946410516,25.4421844594,46332.0,353108.0,oxblue08,902,9.0,59,43,30,6.0,15.0,0.2,0.5,0.5333333333333333,0.3,0.0
26,98.0,0.0,4.3125503003,451148.0,400.0,0.0,24.0223239493,2063732.0,228029.0,4103.0,115465.0,0.0,215.0,11.6436300175,19.2861355608,33359.0,444309.0,swun,1140,1.0,31,16,8,1.0,6.0,0.625,0.75,1.875,0.125,0.0
27,,,,,,,,,,,,,256.0,8.281073640739999,17.548791671900002,60162.0,684796.0,riton,382,8.0,12,21,13,2.0,3.0,-0.38461538461538464,0.2307692307692308,-0.6923076923076923,0.6153846153846154,0.0
28,,,,,,,,,,,,,137.0,11.3717371737,19.1337485958,12634.0,166728.0,gdut2011,1066,3.0,43,20,12,0.0,9.0,0.5,0.75,1.9166666666666667,0.25,0.0
29,,,,,,,,,,,,,103.0,7.75743707094,12.718325697000001,6780.0,107166.0,yushan2011,1005,4.0,49,22,13,0.0,9.0,0.38461538461538464,0.6923076923076923,2.0769230769230766,0.3076923076923077,0.0
30,,,,,,,,,,,,,279.0,14.9687354176,25.5890830052,32078.0,460072.0,wrighteagle,1196,1.0,60,7,13,1.0,11.0,0.7692307692307693,0.8461538461538461,4.076923076923077,0.07692307692307693,0.0
31,,,,,,,,,,,,,274.0,10.1764985728,19.2792528487,64173.0,799424.0,tjnu,879,4.0,31,19,10,0.0,6.0,0.2,0.6,1.2,0.4,0.0
32,,,,,,,,,,,,,431.0,7.65743243243,24.959038311,11333.0,234520.0,hfutengine2011,156,12.0,14,54,13,0.0,1.0,-0.8461538461538461,0.07692307692307693,-3.0769230769230766,0.9230769230769232,0.0
33,73.0,0.0,3.97318592484,111375.0,400.0,0.0,22.075614578099998,504641.0,58704.0,1368.0,25938.0,0.0,137.0,9.94871794872,16.6329405942,8536.0,110451.0,bluespider,991,4.0,38,36,14,1.0,9.0,0.35714285714285715,0.6428571428571429,0.14285714285714285,0.2857142857142857,0.0
34,109.0,0.0,4.46469139316,496701.0,400.0,0.0,17.2655507889,1700740.0,188940.0,7133.0,102220.0,0.0,274.0,8.139588100689997,16.5868252834,42684.0,350210.0,apollo2011,283,9.0,22,43,12,1.0,2.0,-0.5833333333333334,0.16666666666666666,-1.75,0.75,0.0
35,86.0,0.0,4.54000575059,253495.0,362.0,0.0,17.6281517203,878453.0,110243.0,2368.0,46957.0,0.0,143.0,11.3088834556,18.542137592,13876.0,221097.0,aua2d,869,4.0,33,21,11,1.0,6.0,0.18181818181818185,0.5454545454545454,1.0909090909090908,0.3636363636363637,0.0
36,,,,,,,,,,,,,7.0,2.8,2.4,14.0,502364.0,nadco,455,3.0,6,14,6,2.0,1.0,-0.3333333333333333,0.16666666666666666,-1.3333333333333333,0.5,0.0
37,,,,,,,,,,,,,721.0,16.8313630042,67.0562247508,48407.0,497115.0,abit,194,9.0,12,54,11,1.0,1.0,-0.7272727272727273,0.09090909090909093,-3.8181818181818175,0.8181818181818182,0.0
38,143.0,0.0,5.14609911861,558694.0,400.0,0.0,19.761057330899998,2026868.0,249389.0,4782.0,122633.0,0.0,507.0,12.517688266199999,33.1131841127,35738.0,495037.0,dreamwing2011,973,3.0,26,17,12,2.0,7.0,0.3333333333333333,0.5833333333333334,0.75,0.25,0.0
39,80.0,0.0,3.4553680383,121141.0,400.0,0.0,14.6759717249,443636.0,70072.0,1386.0,31650.0,0.0,459.0,12.067938021500002,48.09014092090001,10125.0,112628.0,bjut,284,9.0,21,56,12,1.0,2.0,-0.5833333333333334,0.16666666666666666,-2.9166666666666665,0.75,0.0
40,,,,,,,,,,,,,270.0,11.2885008652,20.6830387081,71761.0,406090.0,wonderpines,479,9.0,28,32,14,0.0,5.0,-0.2857142857142857,0.35714285714285715,-0.2857142857142857,0.6428571428571429,0.0
41,98.0,0.0,4.31518072142,439971.0,400.0,0.0,23.965053842199996,2003930.0,223877.0,4055.0,112553.0,0.0,215.0,11.3944307367,18.716119732,32326.0,432002.0,miracle,917,3.0,19,15,9,1.0,5.0,0.2222222222222222,0.5555555555555556,0.4444444444444444,0.3333333333333333,0.0
42,166.0,0.0,6.2269705784300005,307308.0,400.0,0.0,24.0544034213,1138529.0,93412.0,2114.0,50048.0,0.0,420.0,10.6445205479,26.0339939279,15541.0,270406.0,amoynq,975,4.0,23,17,12,0.0,8.0,0.3333333333333333,0.6666666666666666,0.5,0.3333333333333333,0.0
43,113.0,0.0,5.67292937975,221057.0,400.0,0.0,29.5379479013,1020197.0,73783.0,2154.0,50211.0,0.0,338.0,5.720024721880001,21.040254713699998,9255.0,86872.0,mpj,268,8.0,8,30,10,0.0,2.0,-0.6,0.2,-2.2,0.8,0.0
44,81.0,0.0,4.17019517021,222915.0,400.0,0.0,23.6473646798,1058387.0,109653.0,1873.0,47633.0,0.0,303.0,13.0945747801,25.024925988200003,17861.0,224352.0,aut,781,7.0,48,38,18,3.0,8.0,0.05555555555555555,0.4444444444444444,0.5555555555555556,0.3888888888888889,0.0
45,98.0,0.0,4.32675988864,467590.0,400.0,0.0,24.26844902,2159838.0,232617.0,4195.0,118859.0,0.0,215.0,11.8122001371,19.6216359377,34468.0,463382.0,tiji2013,679,7.0,37,37,20,6.0,7.0,0.0,0.35,0.0,0.35,0.0
46,90.0,0.0,4.914800902940001,507017.0,400.0,0.0,30.171554820999997,2433990.0,225138.0,3736.0,119676.0,0.0,302.0,14.7694046722,26.037744874,39198.0,518147.0,wrighteagle,1217,0.0,61,9,18,3.0,15.0,0.8333333333333334,0.8333333333333334,2.888888888888889,0.0,3.0
47,,,,,,,,,,,,,235.0,12.232314776099999,19.3526682998,29223.0,371417.0,helios2013,1201,2.0,72,9,19,0.0,17.0,0.7894736842105263,0.8947368421052632,3.3157894736842106,0.10526315789473684,2.0
48,,,,,,,,,,,,,103.0,2.05365853659,4.1263045275599985,7157.0,152780.0,gpr,392,6.0,8,15,11,3.0,2.0,-0.3636363636363637,0.18181818181818185,-0.6363636363636364,0.5454545454545454,0.0
49,,,,,,,,,,,,,130.0,2.58535249829,6.429920570090001,18886.0,281099.0,fcportugal,873,5.0,44,37,21,7.0,9.0,0.19047619047619047,0.42857142857142855,0.3333333333333333,0.2380952380952381,0.0
50,,,,,,,,,,,,,387.0,9.21267659412,22.7064163552,48256.0,674103.0,hfutengine2013,21,8.0,3,44,8,0.0,0.0,-1.0,0.0,-5.125,1.0,0.0
51,,,,,,,,,,,,,4.0,2.2,1.46969384567,11.0,642613.0,yushan2013,998,4.0,42,18,19,4.0,11.0,0.3684210526315789,0.5789473684210527,1.263157894736842,0.21052631578947367,1.0
52,,,,,,,,,,,,,270.0,11.8034277198,21.7224454891,79201.0,449202.0,axiom,823,7.0,48,38,18,2.0,9.0,0.1111111111111111,0.5,0.5555555555555556,0.3888888888888889,0.0
53,,,,,,,,,,,,,63.0,4.19063109954,7.291992787160001,6441.0,136689.0,one,152,7.0,1,28,8,1.0,0.0,-0.875,0.0,-3.375,0.875,0.0
54,,,,,,,,,,,,,256.0,3.8831772641,11.1796797462,59300.0,852922.0,legendary,777,8.0,26,41,21,4.0,9.0,0.047619047619047616,0.42857142857142855,-0.7142857142857143,0.3809523809523809,0.0
55,,,,,,,,,,,,,213.0,12.500155908900002,21.4126877367,40088.0,557588.0,perspolis,1018,3.0,43,11,22,7.0,12.0,0.4090909090909091,0.5454545454545454,1.4545454545454546,0.13636363636363635,0.0
56,76.0,0.0,3.7367739069,121405.0,400.0,0.0,20.785649275,563747.0,68068.0,1583.0,29728.0,0.0,229.0,8.38225255973,17.1296688624,9824.0,121144.0,thunderbots,70,7.0,0,23,7,0.0,0.0,-1.0,0.0,-3.2857142857142856,1.0,0.0
57,,,,,,,,,,,,,217.0,9.00858778626,17.2677865683,9441.0,118726.0,yunlu2013,323,5.0,10,20,8,2.0,1.0,-0.5,0.125,-1.25,0.625,0.0
58,81.0,0.0,4.03155685435,114524.0,400.0,0.0,22.2090133342,519109.0,61584.0,1290.0,26526.0,0.0,271.0,9.25291005291,19.5319451941,8744.0,114311.0,itandroids,492,11.0,25,41,22,6.0,5.0,-0.2727272727272727,0.2272727272727273,-0.7272727272727273,0.5,0.0
59,116.0,0.0,8.48546143453,229464.0,400.0,0.0,38.1070503409,982744.0,65386.0,2484.0,36258.0,0.0,231.0,4.42598187311,13.13600748,8790.0,25264.0,oxsy,999,5.0,55,32,19,2.0,12.0,0.3684210526315789,0.631578947368421,1.2105263157894737,0.2631578947368421,0.0
60,90.0,0.0,4.00369698334,137030.0,398.0,0.0,22.344098938400002,634880.0,69261.0,1355.0,31139.0,0.0,274.0,10.8867735471,24.153695523200003,10865.0,138154.0,gliders2013,1093,4.0,43,18,18,1.0,13.0,0.5,0.7222222222222222,1.3888888888888888,0.2222222222222222,0.0
61,76.0,0.0,3.94788699086,143724.0,400.0,0.0,23.058481458800006,693386.0,74567.0,1629.0,33587.0,0.0,279.0,10.648720211799999,21.438476818599998,12065.0,145502.0,cyrus,471,9.0,24,42,17,4.0,4.0,-0.29411764705882354,0.2352941176470588,-1.0588235294117647,0.5294117647058824,0.0
62,93.0,0.0,4.75715119053,304296.0,400.0,0.0,19.0274943641,1005114.0,101283.0,3494.0,55879.0,0.0,523.0,8.951342934989999,25.5369653065,22996.0,248646.0,yamaarashi,128,3.0,0,7,3,0.0,0.0,-1.0,0.0,-2.333333333333333,1.0,0.0
63,72.0,0.0,4.01232574411,97175.0,399.0,0.0,15.5600178456,308465.0,37987.0,1587.0,20519.0,0.0,166.0,3.91912384162,10.58747157,4652.0,87977.0,thunder,258,4.0,1,13,5,0.0,1.0,-0.6,0.2,-2.4,0.8,0.0
64,219.0,0.0,4.0771356812300015,280159.0,397.0,0.0,13.989669683499999,869441.0,103655.0,3838.0,58651.0,0.0,306.0,6.980775604910001,15.346780148199999,21061.0,244453.0,zjubase,887,2.0,12,7,10,4.0,4.0,0.2,0.4,0.5,0.2,0.0
65,127.0,0.0,7.199377911339999,345354.0,400.0,0.0,30.7953621158,1218922.0,119602.0,1984.0,54714.0,0.0,529.0,32.2865275142,107.34027070399999,51045.0,60299.0,helios2003,850,4.0,24,10,19,8.0,7.0,0.15789473684210525,0.3684210526315789,0.7368421052631579,0.21052631578947367,0.0
66,97.0,0.0,4.74523648073,117526.0,399.0,0.0,20.6551269667,442750.0,42494.0,1867.0,25984.0,0.0,113.0,4.02834868887,8.53079908288,5684.0,161581.0,trilearn,1229,0.0,64,7,18,2.0,16.0,0.8888888888888888,0.8888888888888888,3.1666666666666665,0.0,3.0
67,104.0,0.0,4.36299891617,441045.0,399.0,0.0,17.1377329087,1504057.0,159469.0,5906.0,89003.0,0.0,448.0,6.79349269588,21.1019801309,30693.0,407824.0,trilearn,1229,0.0,64,7,18,2.0,16.0,0.8888888888888888,0.8888888888888888,3.1666666666666665,0.0,3.0
68,97.0,0.0,4.4547206934900005,122337.0,399.0,0.0,18.075387735699998,385329.0,44715.0,1865.0,28059.0,0.0,123.0,3.73739495798,8.092710483,5337.0,157502.0,trilearn,1229,0.0,64,7,18,2.0,16.0,0.8888888888888888,0.8888888888888888,3.1666666666666665,0.0,3.0
69,106.0,0.0,4.71980711849,70625.0,400.0,0.0,18.9338411306,218623.0,25801.0,1307.0,15515.0,0.0,57.0,2.8347107438,5.2481356114,2744.0,67250.0,isocrob2003,164,4.0,1,15,5,1.0,0.0,-0.8,0.0,-2.8,0.8,0.0
70,,,,,,,,,,,,,162.0,4.52660550459,8.84572471106,14802.0,331112.0,tsinghuaeolus,1211,1.0,63,7,16,1.0,14.0,0.8125,0.875,3.5,0.0625,2.0
72,61.0,0.0,4.06879867258,69430.0,399.0,0.0,14.997526411800001,210954.0,26575.0,1319.0,14359.0,0.0,82.0,3.20138888889,6.0518688947,3227.0,63443.0,hana,334,7.0,4,25,10,1.0,2.0,-0.5,0.2,-2.1,0.7,0.0
73,223.0,0.0,4.46036247446,360418.0,400.0,0.0,15.803501665599999,1123735.0,129454.0,5131.0,76704.0,0.0,306.0,5.93595092025,14.4006670192,24189.0,316809.0,chagamma,1,5.0,1,25,5,0.0,0.0,-1.0,0.0,-4.8,1.0,0.0
74,,,,,,,,,,,,,187.0,2.81563956499,6.91242727231,5437.0,130034.0,caspian,250,3.0,2,14,5,2.0,0.0,-0.6,0.0,-2.4,0.6,0.0
75,126.0,0.0,15.5629039431,47695.0,400.0,0.0,64.4299456438,185896.0,8067.0,154.0,3017.0,0.0,446.0,13.7619047619,51.442204983,1156.0,41025.0,gemini,286,4.0,0,20,7,3.0,0.0,-0.5714285714285714,0.0,-2.8571428571428568,0.5714285714285714,0.0
76,,,,,,,,,,,,,408.0,9.11319172722,23.4160080863,32607.0,129163.0,cyberoos2003,632,5.0,8,16,11,2.0,4.0,-0.09090909090909093,0.3636363636363637,-0.7272727272727273,0.4545454545454545,0.0
77,,,,,,,,,,,,,247.0,8.46071428571,18.391386557,9476.0,214255.0,humboldt,813,3.0,14,10,10,3.0,4.0,0.1,0.4,0.4,0.3,0.0
78,133.0,0.0,4.7717688427699985,172761.0,400.0,0.0,16.453626689500002,565079.0,62808.0,1796.0,31514.0,0.0,7.0,4.0,3.0,8.0,150952.0,drweb,166,4.0,0,9,5,1.0,0.0,-0.8,0.0,-1.8,0.8,0.0
81,55.0,0.0,3.700853938,115762.0,399.0,0.0,13.6703959166,365926.0,46965.0,1446.0,26301.0,0.0,427.0,4.43686635945,16.3475198684,4814.0,46546.0,kimia,1125,1.0,14,3,5,0.0,4.0,0.6,0.8,2.2,0.2,0.0
82,,,,,,,,,,,,,148.0,3.65889212828,11.544786291300001,3765.0,85254.0,boldhearts,1160,3.0,77,14,28,3.0,22.0,0.6785714285714286,0.7857142857142857,2.25,0.10714285714285714,0.0
84,106.0,0.0,4.632383143319999,114367.0,400.0,0.0,18.241771471099998,358510.0,41499.0,1764.0,24769.0,0.0,86.0,3.52850539291,6.75999774918,4580.0,107655.0,sfunleashed03,1013,1.0,8,4,5,1.0,3.0,0.4,0.6,0.8,0.2,0.0
85,140.0,0.0,8.482245070189999,106655.0,400.0,0.0,33.975158289,389094.0,32641.0,1143.0,14315.0,0.0,92.0,5.732911392409999,9.73058887623,4529.0,99423.0,yowai2003,619,4.0,11,6,9,2.0,3.0,-0.1111111111111111,0.3333333333333333,0.5555555555555556,0.4444444444444444,0.0
86,64.0,0.0,4.140366425280002,115028.0,399.0,0.0,15.5951006144,367167.0,47078.0,1616.0,22800.0,0.0,313.0,4.16049382716,11.987363157799999,5055.0,101949.0,aria,653,6.0,20,19,18,7.0,5.0,-0.05555555555555555,0.2777777777777778,0.05555555555555555,0.3333333333333333,0.0
87,51.0,0.0,4.545918104119999,106003.0,400.0,0.0,19.694118391,388819.0,39342.0,1598.0,20284.0,0.0,78.0,3.95868544601,7.175740439430001,4216.0,96196.0,sirim,1176,4.0,200,19,52,6.0,42.0,0.7307692307692307,0.8076923076923077,3.4807692307692317,0.07692307692307693,0.0
88,,,,,,,,,,,,,83.0,3.53884964682,6.05459972992,3507.0,90439.0,we2003,1091,2.0,24,4,14,3.0,9.0,0.5,0.6428571428571429,1.4285714285714286,0.14285714285714285,0.0
89,,,,,,,,,,,,,306.0,6.8674194897500005,17.573100855699998,32840.0,603243.0,puppets,762,2.0,11,5,5,1.0,2.0,0.0,0.4,1.2,0.4,0.0
90,142.0,0.0,5.96975339006,112240.0,400.0,0.0,22.251851162199998,356072.0,36899.0,2079.0,20131.0,0.0,33.0,2.62078651685,3.59377042926,3732.0,107916.0,iranians,435,2.0,4,9,3,0.0,1.0,-0.3333333333333333,0.3333333333333333,-1.6666666666666667,0.6666666666666666,0.0
91,116.0,0.0,7.302004420510001,268396.0,400.0,0.0,27.7843970736,895957.0,74566.0,1820.0,36312.0,0.0,6.0,3.5,2.5,7.0,18582.0,fcportugal2003,1155,1.0,36,3,12,2.0,9.0,0.6666666666666666,0.75,2.75,0.08333333333333333,0.0
94,143.0,0.0,5.04490558585,84918.0,398.0,0.0,23.439267699899997,335083.0,38882.0,1711.0,26012.0,0.0,101.0,2.92962641182,6.26987195244,3372.0,88075.0,opu,351,15.0,16,58,22,2.0,5.0,-0.4545454545454545,0.2272727272727273,-1.9090909090909087,0.6818181818181818,0.0
95,104.0,0.0,4.2709154185600005,374640.0,400.0,0.0,16.776037173,1293390.0,319455.0,4437.0,254857.0,0.0,5.0,3.0,2.0,6.0,348868.0,puppets,1036,2.0,12,4,9,1.0,6.0,0.4444444444444444,0.6666666666666666,0.8888888888888888,0.2222222222222222,0.0
96,98.0,0.0,4.13542602882,163805.0,398.0,0.0,15.847965936600001,535091.0,67271.0,1726.0,37515.0,0.0,105.0,3.69312977099,7.904324749560001,4838.0,154415.0,rekm,328,9.0,18,37,12,0.0,3.0,-0.5,0.25,-1.5833333333333333,0.75,0.0
97,,,,,,,,,,,,,88.0,8.661835748789999,13.1882191065,3586.0,51869.0,opu,351,15.0,16,58,22,2.0,5.0,-0.4545454545454545,0.2272727272727273,-1.9090909090909087,0.6818181818181818,0.0
98,,,,,,,,,,,,,371.0,3.47078464107,15.8341908714,4158.0,86146.0,elysion,154,13.0,8,54,14,0.0,1.0,-0.8571428571428571,0.07142857142857142,-3.2857142857142856,0.9285714285714286,0.0
99,141.0,0.0,4.53795121074,141269.0,399.0,0.0,21.087206834,564814.0,50967.0,2061.0,26299.0,0.0,295.0,4.05143277002,13.7029041073,5514.0,144643.0,one,400,17.0,37,49,25,0.0,8.0,-0.36,0.32,-0.48,0.68,0.0
100,39.0,0.0,3.784472481,34315.0,200.0,0.0,15.192828215899999,123832.0,18923.0,506.0,7335.0,0.0,88.0,6.9190140845100006,11.6124534481,1965.0,32144.0,bost,558,6.0,24,22,10,0.0,4.0,-0.2,0.4,0.2,0.6,0.0
101,39.0,0.0,3.77831625991,34378.0,200.0,0.0,15.1199292225,123941.0,18927.0,513.0,7309.0,0.0,88.0,7.03135888502,11.727854476700001,2018.0,32036.0,okarobo2007,616,4.0,8,7,9,2.0,3.0,-0.1111111111111111,0.3333333333333333,0.1111111111111111,0.4444444444444444,0.0
102,38.0,0.0,3.7747172782,39119.0,198.0,0.0,15.1926294627,139061.0,21364.0,586.0,8188.0,0.0,568.0,78.08184143220001,187.88322392900002,30530.0,36345.0,pesca,1015,1.0,9,3,5,1.0,3.0,0.4,0.6,1.2,0.2,0.0
103,141.0,0.0,4.62384738736,102469.0,399.0,0.0,21.1714514039,403820.0,38014.0,1823.0,20940.0,0.0,197.0,3.4657980456,9.759133511939998,4256.0,75490.0,one,400,17.0,37,49,25,0.0,8.0,-0.36,0.32,-0.48,0.68,0.0
104,118.0,0.0,4.4990473265,663814.0,400.0,0.0,17.9431615571,2331163.0,252815.0,7042.0,146293.0,0.0,263.0,8.623442808610001,17.1077888103,45687.0,355940.0,helios,1239,0.0,33,0,15,1.0,14.0,0.9333333333333332,0.9333333333333332,2.2,0.0,0.0
105,45.0,0.0,4.39285405985,66098.0,239.0,0.0,18.2285829834,243409.0,32969.0,733.0,12991.0,0.0,120.0,10.3556701031,17.3440709681,4018.0,60628.0,bigkubobearsjin,1204,1.0,34,2,10,0.0,9.0,0.8,0.9,3.2,0.1,0.0
106,124.0,0.0,6.5421482125,328480.0,400.0,0.0,29.4774986724,1389545.0,91532.0,2684.0,65084.0,0.0,224.0,7.030190677969999,16.3505247792,13273.0,339305.0,unknown09,655,18.0,51,76,38,4.0,16.0,-0.05263157894736842,0.42105263157894735,-0.6578947368421053,0.4736842105263158,0.0
107,93.0,0.0,4.007730659030002,424718.0,400.0,0.0,15.8464067592,1459107.0,270352.0,4857.0,189560.0,0.0,7.0,4.0,3.0,8.0,713288.0,oxblue09,1137,6.0,108,31,39,3.0,30.0,0.6153846153846154,0.7692307692307693,1.9743589743589745,0.15384615384615385,0.0
109,,,,,,,,,,,,,322.0,11.3931151721,21.177760406300003,80424.0,383086.0,helios2009,1162,2.0,37,6,13,0.0,11.0,0.6923076923076923,0.8461538461538461,2.3846153846153846,0.15384615384615385,2.0
110,,,,,,,,,,,,,240.0,10.9373040752,22.195790648499997,17445.0,199505.0,fcportugal,846,15.0,68,62,42,6.0,21.0,0.14285714285714285,0.5,0.14285714285714285,0.35714285714285715,0.0
111,70.0,0.0,4.890623060199999,57541.0,400.0,0.0,31.9285406957,269944.0,28089.0,1656.0,15941.0,0.0,58.0,3.0756227758,6.243613966240001,3457.0,103463.0,bahia2d,145,9.0,4,28,10,1.0,0.0,-0.9,0.0,-2.4,0.9,0.0
112,100.0,0.0,4.45550156746,458083.0,400.0,0.0,22.616287781599997,1831441.0,225285.0,2593.0,128641.0,0.0,423.0,11.5585392052,29.1523565458,21522.0,449406.0,leakindrops,530,23.0,32,62,40,3.0,14.0,-0.225,0.35,-0.75,0.575,0.0
113,,,,,,,,,,,,,59.0,6.92857142857,14.670009668499999,194.0,159804.0,opuci,540,10.0,20,36,19,3.0,6.0,-0.21052631578947367,0.3157894736842105,-0.8421052631578947,0.5263157894736842,0.0
115,104.0,0.0,5.522997875240001,505959.0,399.0,0.0,22.310107550500003,1925649.0,173606.0,5353.0,104760.0,0.0,27.0,14.0,13.0,28.0,487358.0,brainstormers09,1057,2.0,28,6,10,1.0,7.0,0.5,0.7,2.2,0.2,0.0
116,,,,,,,,,,,,,528.0,9.87439143135,47.7379385494,70987.0,415760.0,ncl09,847,13.0,57,65,40,8.0,19.0,0.15,0.475,-0.2,0.325,0.0
118,166.0,0.0,6.24024883872,304692.0,400.0,0.0,24.100428073699998,1128060.0,92283.0,2113.0,49365.0,0.0,393.0,10.4917808219,25.2195686873,15318.0,268203.0,lsuamoynq,1197,3.0,155,10,40,3.0,34.0,0.775,0.85,3.625,0.075,0.0
119,93.0,0.0,4.401351125990001,953335.0,400.0,0.0,18.797703483299998,3447698.0,377640.0,8569.0,235998.0,0.0,6.0,3.5,2.5,7.0,848461.0,hellibash,874,16.0,88,74,42,2.0,24.0,0.19047619047619047,0.5714285714285714,0.3333333333333333,0.3809523809523809,0.0
120,95.0,0.0,4.21173597919,225307.0,398.0,0.0,21.0129399626,942205.0,104752.0,2139.0,59652.0,0.0,433.0,7.876534296030001,31.5811474102,10909.0,233973.0,lishang,1165,4.0,78,21,30,1.0,25.0,0.7,0.8333333333333334,1.9,0.13333333333333333,0.0
121,79.0,0.0,4.2421182014999985,131149.0,259.0,0.0,18.3922026344,496360.0,65895.0,1368.0,28993.0,0.0,700.0,56.3552631579,171.948676855,42830.0,119981.0,storms09,384,26.0,50,116,42,6.0,10.0,-0.3809523809523809,0.2380952380952381,-1.5714285714285714,0.6190476190476191,0.0
122,67.0,0.0,4.679513661230001,118586.0,400.0,0.0,22.275498616799997,456402.0,54274.0,1087.0,23782.0,0.0,236.0,10.8093645485,22.0401832613,6464.0,109010.0,robosampad,657,18.0,56,80,39,5.0,16.0,-0.05128205128205128,0.41025641025641024,-0.6153846153846154,0.4615384615384616,0.0
123,105.0,0.0,8.03828957499,152534.0,400.0,0.0,37.8420487117,688634.0,48636.0,1907.0,26064.0,0.0,207.0,4.63716166789,12.493803356199999,6339.0,151596.0,oxsy,1152,6.0,131,28,41,2.0,33.0,0.6585365853658537,0.8048780487804879,2.5121951219512195,0.14634146341463414,1.0
124,104.0,0.0,4.37904931273,875155.0,400.0,0.0,17.900620399,3100952.0,328196.0,7687.0,182762.0,0.0,14.0,7.5,6.5,15.0,771697.0,nemesisrc09,849,5.0,33,19,13,1.0,7.0,0.15384615384615385,0.5384615384615384,1.0769230769230769,0.38461538461538464,0.0
126,75.0,0.0,4.7056168147,325198.0,400.0,0.0,17.4660209025,1028744.0,105832.0,6361.0,60764.0,0.0,6.0,3.5,2.5,7.0,305525.0,step,1237,0.0,48,5,14,1.0,13.0,0.9285714285714286,0.9285714285714286,3.071428571428572,0.0,3.0
129,124.0,0.0,5.76483721587,397724.0,400.0,0.0,23.564233053699997,1364185.0,153789.0,2038.0,73081.0,0.0,124.0,8.86048020766,15.470073331400002,13654.0,330270.0,tokyotech2004,840,2.0,15,7,7,2.0,3.0,0.14285714285714285,0.42857142857142855,1.1428571428571428,0.2857142857142857,0.0
130,102.0,0.0,6.4265629539,155847.0,399.0,0.0,24.3258136252,567780.0,54653.0,1270.0,25593.0,0.0,146.0,8.169550173010002,15.590198771099999,7083.0,137137.0,ai2004,151,7.0,2,12,8,1.0,0.0,-0.875,0.0,-1.25,0.875,0.0
131,116.0,0.0,7.29293522545,273318.0,400.0,0.0,27.6007681313,914826.0,74521.0,1798.0,36841.0,0.0,6.0,3.5,2.5,7.0,225215.0,fcportugal2004,1045,2.0,30,6,13,3.0,8.0,0.4615384615384616,0.6153846153846154,1.8461538461538465,0.15384615384615385,0.0
132,,,,,,,,,,,,,209.0,4.70617816092,11.2839152531,6551.0,198066.0,trilearn,1148,1.0,43,4,14,3.0,10.0,0.6428571428571429,0.7142857142857143,2.7857142857142856,0.07142857142857142,0.0
134,,,,,,,,,,,,,306.0,7.42743597292,15.768484001800001,25231.0,368112.0,zjubase,908,3.0,22,7,14,5.0,6.0,0.21428571428571427,0.42857142857142855,1.0714285714285714,0.21428571428571427,0.0
135,100.0,0.0,5.28873976157,107031.0,400.0,0.0,19.8856878064,322412.0,35547.0,1766.0,24341.0,0.0,106.0,3.06244864421,6.16049744434,3727.0,75462.0,borregos,91,3.0,0,15,3,0.0,0.0,-1.0,0.0,-5.0,1.0,0.0
136,89.0,0.0,4.04032285001,402598.0,399.0,0.0,15.596537624100002,1531033.0,239463.0,2189.0,118517.0,0.0,294.0,13.4403427818,26.5923578197,20389.0,386929.0,brainstormers04,1046,3.0,29,18,15,2.0,10.0,0.4666666666666667,0.6666666666666666,0.7333333333333333,0.2,2.0
137,205.0,0.0,4.72461157515,390455.0,400.0,0.0,16.8316223689,1279150.0,138168.0,5288.0,74552.0,0.0,288.0,6.4575225439,15.3163283377,27212.0,352409.0,vw2004,520,5.0,6,13,8,0.0,3.0,-0.25,0.375,-0.875,0.625,0.0
138,98.0,0.0,5.07129615492,208250.0,400.0,0.0,19.3368531474,654656.0,72579.0,2718.0,46073.0,0.0,180.0,4.24689357104,8.37809167518,7861.0,84839.0,aria,608,4.0,7,21,8,1.0,3.0,-0.125,0.375,-1.75,0.5,0.0
139,123.0,0.0,8.26224104055,191245.0,400.0,0.0,32.6785471833,687457.0,54518.0,2081.0,29482.0,0.0,239.0,4.56441326531,13.493419935,7157.0,177994.0,oxsy,1068,2.0,32,17,12,2.0,8.0,0.5,0.6666666666666666,1.25,0.16666666666666666,1.0
140,,,,,,,,,,,,,274.0,3.95488382585,10.9439745528,52596.0,832526.0,storms,630,22.0,61,91,43,3.0,18.0,-0.09302325581395347,0.4186046511627907,-0.6976744186046512,0.5116279069767442,0.0
141,,,,,,,,,,,,,274.0,5.03599343819,14.2571250818,52188.0,281143.0,fcportugal,923,12.0,77,37,45,10.0,23.0,0.24444444444444444,0.5111111111111111,0.8888888888888888,0.26666666666666666,0.0
142,100.0,0.0,4.3427794024,375229.0,400.0,0.0,17.4530325975,1276671.0,527084.0,5419.0,465316.0,0.0,11.0,6.0,5.0,12.0,176835.0,apollo,771,18.0,103,90,45,8.0,19.0,0.022222222222222227,0.4222222222222222,0.2888888888888889,0.4,0.0
143,,,,,,,,,,,,,,,,,0.0,kickofftug,480,25.0,39,73,46,9.0,12.0,-0.2826086956521739,0.2608695652173913,-0.7391304347826086,0.5434782608695652,0.0
144,141.0,0.0,4.6048556733,151035.0,400.0,0.0,20.0792430584,589209.0,57467.0,2231.0,31761.0,0.0,65.0,4.06245710364,7.70702896089,5919.0,150171.0,one,772,18.0,94,72,44,7.0,19.0,0.022727272727272728,0.4318181818181818,0.5,0.4090909090909091,0.0
145,,,,,,,,,,,,,98.0,3.58333333333,7.602475111889999,4859.0,118451.0,bahia2d,138,41.0,4,122,43,2.0,0.0,-0.9534883720930232,0.0,-2.744186046511628,0.9534883720930232,0.0
147,103.0,0.0,4.01272792339,400345.0,400.0,0.0,15.8013724194,1363320.0,167681.0,5060.0,87367.0,0.0,274.0,9.00301962758,18.6403594505,35778.0,368685.0,helios2010,1221,1.0,35,10,13,0.0,12.0,0.8461538461538461,0.9230769230769232,1.9230769230769231,0.07692307692307693,3.0
148,,,,,,,,,,,,,898.0,4.48057932851,25.2577649835,6806.0,181330.0,aua2010,324,7.0,11,37,10,1.0,2.0,-0.5,0.2,-2.6,0.7,0.0
149,,,,,,,,,,,,,574.0,47.1466083151,142.855385685,21546.0,12623.0,ncl10,775,18.0,69,78,45,7.0,20.0,0.04444444444444445,0.4444444444444444,-0.2,0.4,0.0
150,87.0,0.0,4.66727456524,262196.0,355.0,0.0,19.717919029,956425.0,108437.0,1426.0,48035.0,0.0,278.0,19.3676470588,35.174429691,14487.0,224586.0,opuci,529,12.0,32,52,22,3.0,7.0,-0.2272727272727273,0.3181818181818182,-0.9090909090909092,0.5454545454545454,0.0
151,,,,,,,,,,,,,578.0,6.876654632969999,25.4652226714,11429.0,293240.0,hfutengine2010,989,10.0,93,42,34,2.0,22.0,0.35294117647058826,0.6470588235294118,1.5,0.29411764705882354,0.0
152,,,,,,,,,,,,,3.0,2.0,1.0,4.0,657606.0,eskilas,1158,6.0,129,20,48,4.0,38.0,0.6666666666666666,0.7916666666666666,2.270833333333333,0.125,0.0
153,,,,,,,,,,,,,255.0,3.96003454774,12.0067462244,50435.0,425857.0,unique,535,25.0,60,75,45,5.0,15.0,-0.2222222222222222,0.3333333333333333,-0.3333333333333333,0.5555555555555556,0.0
154,116.0,0.0,5.32116186911,637662.0,400.0,0.0,25.8799893831,2344254.0,260806.0,6751.0,158998.0,0.0,287.0,10.4174140508,25.980911330300003,55754.0,599267.0,iran,357,29.0,33,96,46,8.0,9.0,-0.43478260869565216,0.1956521739130435,-1.3695652173913044,0.6304347826086957,0.0
155,116.0,0.0,3.290407312,281706.0,369.0,0.0,12.6805649408,996171.0,123196.0,4608.0,86476.0,0.0,647.0,5.40917730111,26.614076870100003,19922.0,283366.0,pars,1009,7.0,76,29,28,3.0,18.0,0.3928571428571429,0.6428571428571429,1.6785714285714286,0.25,0.0
156,96.0,0.0,4.62791758701,226561.0,400.0,0.0,18.9278283529,805760.0,96868.0,2025.0,40726.0,0.0,158.0,12.056201550399999,20.6577579959,12442.0,198294.0,nemesis2010,1022,3.0,37,6,12,1.0,8.0,0.4166666666666667,0.6666666666666666,2.583333333333333,0.25,0.0
157,58.0,0.0,3.95451263115,62277.0,315.0,0.0,15.805394818599998,216086.0,31227.0,761.0,12561.0,0.0,136.0,7.570388349510001,16.1241360676,3119.0,55893.0,raic10,246,25.0,34,117,33,3.0,5.0,-0.6060606060606061,0.15151515151515152,-2.515151515151515,0.7575757575757576,0.0
159,70.0,0.0,3.7824064427900006,119803.0,395.0,0.0,20.4029785607,552847.0,67789.0,1564.0,29767.0,0.0,215.0,9.39886039886,19.0576791977,9897.0,118320.0,shiraz2016,528,12.0,19,50,22,3.0,7.0,-0.2272727272727273,0.3181818181818182,-1.4090909090909092,0.5454545454545454,0.0
160,,,,,,,,,,,,,593.0,9.75933280381,30.4005570086,12287.0,158380.0,gliders2016,1180,2.0,58,12,23,2.0,19.0,0.7391304347826086,0.8260869565217391,2.0,0.08695652173913042,3.0
161,81.0,0.0,3.9906982334,112677.0,385.0,0.0,21.9081783406,510411.0,59669.0,1290.0,26105.0,0.0,257.0,8.79106029106,17.8954866933,8457.0,112237.0,lefteagle,106,7.0,2,29,7,0.0,0.0,-1.0,0.0,-3.8571428571428568,1.0,0.0
162,90.0,0.0,4.90197611171,514840.0,400.0,0.0,30.1785124911,2473834.0,228335.0,3775.0,121961.0,0.0,381.0,14.9373828271,26.9134104517,39838.0,527103.0,wrighteagle,1127,3.0,56,10,15,0.0,12.0,0.6,0.8,3.066666666666667,0.2,0.0
163,,,,,,,,,,,,,38.0,2.4222972973,4.918323722159999,717.0,395764.0,helios2016,1161,2.0,55,6,26,4.0,20.0,0.6923076923076923,0.7692307692307693,1.8846153846153848,0.07692307692307693,2.0
164,,,,,,,,,,,,,227.0,14.6459884202,28.2997146394,17707.0,211779.0,marlik2016,571,11.0,14,25,22,4.0,7.0,-0.18181818181818185,0.3181818181818182,-0.5,0.5,0.0
165,101.0,0.0,5.62763805127,103003.0,400.0,0.0,24.2000221525,412946.0,44002.0,1467.0,22304.0,0.0,6.0,1.25,0.7772815877570001,60.0,98050.0,united,760,7.0,16,17,22,8.0,7.0,0.0,0.3181818181818182,-0.045454545454545456,0.3181818181818182,0.0
168,116.0,0.0,8.44505024893,253410.0,400.0,0.0,38.2329179439,1093014.0,73072.0,2620.0,40116.0,0.0,672.0,4.63744075829,19.4885267278,9785.0,250120.0,oxsy,910,7.0,54,22,23,4.0,12.0,0.21739130434782608,0.5217391304347826,1.391304347826087,0.3043478260869565,0.0
170,98.0,0.0,3.59527845365,107615.0,400.0,0.0,18.272277447,461758.0,68362.0,1339.0,31134.0,0.0,103.0,7.758101851849999,12.8338042521,6703.0,465379.0,yunlu,748,7.0,24,23,23,9.0,7.0,0.0,0.3043478260869565,0.043478260869565216,0.3043478260869565,0.0
171,,,,,,,,,,,,,204.0,11.012808783199999,22.406332849499996,12037.0,143819.0,cyrus,568,11.0,24,42,22,4.0,7.0,-0.18181818181818185,0.3181818181818182,-0.8181818181818182,0.5,0.0
172,,,,,,,,,,,,,237.0,8.903529411760003,17.265791501400006,11352.0,136454.0,one,659,10.0,32,39,24,5.0,9.0,-0.041666666666666664,0.375,-0.2916666666666667,0.4166666666666667,1.0
173,22.0,0.0,3.12984067012,1438.0,76.0,0.0,13.284946214400001,6324.0,1024.0,77.0,312.0,0.0,52.0,4.3870967741900015,9.08269328876,136.0,5684.0,mt2016,936,5.0,45,20,22,6.0,11.0,0.2727272727272727,0.5,1.1363636363636365,0.2272727272727273,0.0
174,81.0,0.0,5.04311735808,274008.0,400.0,0.0,29.1140911132,1317274.0,123344.0,2288.0,58718.0,0.0,1.0,1.0,0.0,1.0,277119.0,hermes,918,6.0,40,16,22,5.0,11.0,0.2272727272727273,0.5,1.0909090909090908,0.2727272727272727,0.0
177,,,,,,,,,,,,,63.0,5.51388888889,10.8134343598,794.0,13610.0,helios2011,1235,0.0,52,1,12,1.0,11.0,0.9166666666666666,0.9166666666666666,4.25,0.0,0.0
178,,,,,,,,,,,,,274.0,10.3678125482,19.6266619107,67256.0,838142.0,storms,591,6.0,25,29,12,2.0,4.0,-0.16666666666666666,0.3333333333333333,-0.3333333333333333,0.5,0.0
179,,,,,,,,,,,,,264.0,8.782125492010001,18.147283900399998,37930.0,416391.0,helios2011,1235,0.0,52,1,12,1.0,11.0,0.9166666666666666,0.9166666666666666,4.25,0.0,0.0
181,,,,,,,,,,,,,274.0,10.0434225284,19.0755471575,62681.0,773276.0,galaxy,433,4.0,9,16,9,4.0,1.0,-0.3333333333333333,0.1111111111111111,-0.7777777777777778,0.4444444444444444,0.0
182,71.0,0.0,3.51405537001,123809.0,399.0,0.0,21.1093027997,561884.0,52178.0,2220.0,26364.0,0.0,64.0,3.74309569685,6.4500072579799985,5828.0,141522.0,one2011,641,7.0,31,37,13,0.0,6.0,-0.07692307692307693,0.4615384615384616,-0.4615384615384616,0.5384615384615384,0.0
183,102.0,0.0,4.48727357465,304578.0,400.0,0.0,17.4166052336,992607.0,110228.0,3697.0,61432.0,0.0,447.0,9.36906584992,24.2352575964,24472.0,263334.0,cyberoos2002,959,2.0,20,7,9,2.0,5.0,0.3333333333333333,0.5555555555555556,1.4444444444444444,0.2222222222222222,0.0
186,,,,,,,,,,,,,447.0,6.81369209809,19.9194998595,20005.0,222099.0,trilearn,1030,3.0,34,6,16,3.0,10.0,0.4375,0.625,1.75,0.1875,0.0
187,,,,,,,,,,,,,350.0,6.8416340235,33.509665707399996,12226.0,186852.0,united,475,7.0,12,40,14,4.0,3.0,-0.2857142857142857,0.21428571428571427,-2.0,0.5,0.0
188,122.0,0.0,5.76546332786,202701.0,400.0,0.0,22.2583572914,675603.0,62693.0,2562.0,32189.0,0.0,209.0,3.78442765834,10.128374794600001,6513.0,187353.0,wrighteagle2002,1039,3.0,51,5,20,5.0,12.0,0.45,0.6,2.3,0.15,0.0
189,165.0,0.0,7.18977511295,171674.0,400.0,0.0,25.739730936500006,540994.0,48903.0,2284.0,23997.0,0.0,151.0,6.217828418230001,10.4414686035,9277.0,138619.0,tsinghuaeolus,1210,0.0,45,1,16,3.0,13.0,0.8125,0.8125,2.75,0.0,3.0
190,,,,,,,,,,,,,447.0,4.92829026185,16.669743901300002,28796.0,427665.0,hellirespina2002,995,3.0,26,6,11,1.0,7.0,0.3636363636363637,0.6363636363636364,1.8181818181818181,0.2727272727272727,0.0
191,91.0,0.0,4.5138629076,172743.0,397.0,0.0,15.595761505699999,557890.0,86498.0,1251.0,39062.0,0.0,212.0,6.01147396293,13.760428151500001,6811.0,154814.0,humboldt,316,1.0,0,9,2,1.0,0.0,-0.5,0.0,-4.5,0.5,0.0
192,,,,,,,,,,,,,447.0,4.7284406899,15.956878180899999,26867.0,385947.0,hellirespina2002,995,3.0,26,6,11,1.0,7.0,0.3636363636363637,0.6363636363636364,1.8181818181818181,0.2727272727272727,0.0
194,101.0,0.0,4.05043087643,168502.0,399.0,0.0,14.5751778627,533315.0,66590.0,2051.0,33108.0,0.0,13.0,7.0,6.0,14.0,140155.0,fcp,663,0.0,0,0,1,1.0,0.0,0.0,0.0,0.0,0.0,0.0
195,106.0,0.0,7.444106228710001,50362.0,400.0,0.0,27.1355848089,159579.0,13390.0,571.0,6636.0,0.0,82.0,5.77358490566,7.752050616819999,2142.0,41439.0,iranians,179,3.0,0,6,4,1.0,0.0,-0.75,0.0,-1.5,0.75,0.0
197,,,,,,,,,,,,,181.0,7.7068452381,13.171106573900001,5179.0,82747.0,helios,951,3.0,20,9,13,3.0,7.0,0.3076923076923077,0.5384615384615384,0.8461538461538461,0.2307692307692308,0.0
198,,,,,,,,,,,,,447.0,9.21463414634,25.067680796799998,17001.0,155552.0,hellirespina2002,995,3.0,26,6,11,1.0,7.0,0.3636363636363637,0.6363636363636364,1.8181818181818181,0.2727272727272727,0.0
199,,,,,,,,,,,,,523.0,6.603628601919999,19.9426870285,30938.0,644659.0,bs02,1074,0.0,6,0,2,1.0,1.0,0.5,0.5,3.0,0.0,0.0
202,,,,,,,,,,,,,527.0,7.0336039693300005,18.7818830895,31187.0,339315.0,robolog2k2,682,1.0,1,6,4,2.0,1.0,0.0,0.25,-1.25,0.25,0.0
203,105.0,0.0,5.06704319727,231549.0,400.0,0.0,18.7311295143,735592.0,77551.0,2541.0,38869.0,0.0,17.0,9.0,8.0,18.0,193398.0,helios,951,3.0,20,9,13,3.0,7.0,0.3076923076923077,0.5384615384615384,0.8461538461538461,0.2307692307692308,0.0
206,76.0,0.0,4.9557646894400005,74355.0,241.0,0.0,15.9982620553,225345.0,24435.0,1465.0,12835.0,0.0,66.0,2.67575462512,4.26336335292,2748.0,67403.0,wroclaw,588,3.0,5,5,6,1.0,2.0,-0.16666666666666666,0.3333333333333333,0.0,0.5,0.0
207,,,,,,,,,,,,,101.0,3.5008,6.843653947999999,2188.0,52744.0,vw2002,544,3.0,7,8,5,0.0,2.0,-0.2,0.4,-0.2,0.6,0.0
208,,,,,,,,,,,,,31.0,16.0,15.0,32.0,505520.0,puppets,816,4.0,28,17,10,1.0,5.0,0.1,0.5,1.1,0.4,0.0
211,77.0,0.0,5.89209224262,207257.0,400.0,0.0,22.7500025434,668474.0,54713.0,2089.0,29895.0,0.0,124.0,7.80350039777,12.4331294737,9809.0,158600.0,polytech2002,644,5.0,6,17,14,5.0,4.0,-0.07142857142857142,0.2857142857142857,-0.7857142857142857,0.35714285714285715,0.0
212,109.0,0.0,7.44003524269,264699.0,400.0,0.0,27.923728359499997,856928.0,63666.0,1898.0,35184.0,0.0,35.0,9.5,14.7224318643,38.0,196112.0,fcportugal2002,1277,0.0,10,0,5,0.0,5.0,1.0,1.0,2.0,0.0,0.0
213,97.0,0.0,4.62765329498,195035.0,399.0,0.0,17.9789767115,619469.0,75584.0,2565.0,36204.0,0.0,523.0,8.18660287081,26.551540786300002,17110.0,168503.0,yowai2002,877,3.0,23,8,10,2.0,5.0,0.2,0.5,1.5,0.3,0.0
214,150.0,0.0,11.3112734295,28806.0,400.0,0.0,35.7398744291,88249.0,7489.0,583.0,3487.0,0.0,90.0,2.51490514905,5.42656519493,928.0,26750.0,robosina,789,6.0,15,16,14,1.0,7.0,0.07142857142857142,0.5,-0.07142857142857142,0.42857142857142855,0.0
215,101.0,0.0,7.283215376830001,308576.0,400.0,0.0,28.3709914383,1029096.0,81585.0,2225.0,41169.0,0.0,6.0,3.5,2.5,7.0,262444.0,fcportugal2005,375,6.0,8,20,10,2.0,2.0,-0.4,0.2,-1.2,0.6,0.0
216,124.0,0.0,5.69726651796,486954.0,400.0,0.0,22.175177819499996,1730067.0,168004.0,4045.0,97074.0,0.0,157.0,6.63310258024,12.6159592758,21080.0,413143.0,tokyotech2005,1055,3.0,30,8,14,1.0,10.0,0.5,0.7142857142857143,1.5714285714285714,0.21428571428571427,1.0
217,,,,,,,,,,,,,167.0,4.53703703704,9.74894546586,7595.0,171969.0,trilearn,576,5.0,26,29,11,3.0,3.0,-0.18181818181818185,0.2727272727272727,-0.2727272727272727,0.4545454545454545,0.0
218,124.0,0.0,7.717038370689999,201634.0,400.0,0.0,31.2653813696,755835.0,61898.0,1503.0,30098.0,0.0,311.0,8.73418972332,20.1068660975,8839.0,181713.0,yowai2005,144,10.0,1,31,11,1.0,0.0,-0.9090909090909092,0.0,-2.727272727272727,0.9090909090909092,0.0
219,164.0,0.0,5.29210314711,296672.0,400.0,0.0,20.6795393001,985781.0,102489.0,3258.0,56361.0,0.0,436.0,5.371244635190001,15.3471820594,10012.0,276594.0,zjubase,740,4.0,9,7,10,2.0,4.0,0.0,0.4,0.2,0.4,0.0
220,89.0,0.0,4.99384434484,415065.0,399.0,0.0,19.6966733466,1554401.0,177892.0,3056.0,99142.0,0.0,446.0,8.87163756489,19.1255148005,18799.0,390361.0,brainstormers05,1145,1.0,30,7,14,3.0,10.0,0.6428571428571429,0.7142857142857143,1.6428571428571428,0.07142857142857142,3.0
223,89.0,0.0,5.12158574277,461354.0,399.0,0.0,20.0527818033,1726819.0,191057.0,3759.0,107907.0,0.0,84.0,9.04,18.5482721567,226.0,433548.0,brainstormers06,1001,4.0,21,5,16,2.0,10.0,0.375,0.625,1.0,0.25,2.0
224,139.0,0.0,6.69291814926,302704.0,400.0,0.0,24.1590591624,1046644.0,262342.0,2899.0,232622.0,0.0,139.0,5.6687797147399985,11.752090661199999,10731.0,288467.0,robosina,462,6.0,12,14,10,1.0,3.0,-0.3,0.3,-0.2,0.6,0.0
225,,,,,,,,,,,,,359.0,13.821505376300001,44.2299267379,12854.0,159541.0,yowai2006,271,8.0,3,25,10,0.0,2.0,-0.6,0.2,-2.2,0.8,0.0
226,,,,,,,,,,,,,175.0,4.31529411765,10.4652272683,5502.0,151670.0,oxsy,792,4.0,19,16,13,4.0,5.0,0.07692307692307693,0.38461538461538464,0.2307692307692308,0.3076923076923077,0.0
227,96.0,0.0,5.0226985264,73474.0,400.0,0.0,20.1366700299,256801.0,25705.0,1474.0,14781.0,0.0,54.0,2.99556344277,5.116823151469999,3376.0,246275.0,seu,411,3.0,2,13,6,2.0,1.0,-0.3333333333333333,0.16666666666666666,-1.8333333333333333,0.5,0.0
228,134.0,0.0,6.10162938517,376736.0,400.0,0.0,23.3578381446,1346612.0,159411.0,2374.0,74149.0,0.0,571.0,22.0006510417,85.2126896274,33793.0,330057.0,tokyotech2006,1043,2.0,31,4,13,3.0,8.0,0.4615384615384616,0.6153846153846154,2.0769230769230766,0.15384615384615385,0.0
230,134.0,0.0,6.10162938517,376736.0,400.0,0.0,23.3578381446,1346612.0,159411.0,2374.0,74149.0,0.0,571.0,22.0006510417,85.2126896274,33793.0,330057.0,tokyotech2006,1043,2.0,31,4,13,3.0,8.0,0.4615384615384616,0.6153846153846154,2.0769230769230766,0.15384615384615385,0.0
232,81.0,0.0,4.02336752893,108996.0,400.0,0.0,22.2391815942,495412.0,57844.0,1239.0,25094.0,0.0,271.0,8.9596069869,19.3135330933,8207.0,108945.0,expertinos,924,5.0,32,27,16,2.0,9.0,0.25,0.5625,0.3125,0.3125,0.0
233,76.0,0.0,3.82075301319,106129.0,400.0,0.0,21.1810441956,478255.0,57137.0,1352.0,24823.0,0.0,217.0,8.34390992835,17.0563052832,8152.0,105890.0,sirsoccer,622,9.0,30,39,19,3.0,7.0,-0.10526315789473684,0.3684210526315789,-0.4736842105263158,0.4736842105263158,0.0
236,81.0,0.0,4.0389412059500005,113191.0,400.0,0.0,22.2680618889,514447.0,61071.0,1263.0,26255.0,0.0,271.0,9.22395833333,20.0503753331,8855.0,113101.0,itandroids,997,5.0,39,20,19,2.0,12.0,0.3684210526315789,0.631578947368421,1.0,0.2631578947368421,0.0
237,81.0,0.0,4.06870530612,217596.0,398.0,0.0,23.1122271521,1026776.0,111111.0,2112.0,48329.0,0.0,271.0,11.3291721419,20.5731297899,17243.0,218632.0,nexus2d,1188,1.0,55,6,16,2.0,13.0,0.75,0.8125,3.0625,0.0625,0.0
240,81.0,0.0,4.03638658441,164306.0,400.0,0.0,23.4705642865,779915.0,86625.0,1553.0,37483.0,0.0,271.0,10.9057908384,22.4574259884,12618.0,168373.0,robotbulls2d,650,8.0,35,43,17,2.0,7.0,-0.05882352941176471,0.4117647058823529,-0.4705882352941176,0.4705882352941176,0.0
241,98.0,0.0,4.57779984353,90690.0,400.0,0.0,17.8723006654,284683.0,35234.0,1772.0,21840.0,0.0,479.0,6.466666666669999,42.2402473866,7469.0,87460.0,nitrog,940,3.0,26,18,14,4.0,7.0,0.2857142857142857,0.5,0.5714285714285714,0.21428571428571427,0.0
242,,,,,,,,,,,,,389.0,4.62425784563,25.8925905977,5452.0,66967.0,hana,811,3.0,15,21,11,4.0,4.0,0.09090909090909093,0.3636363636363637,-0.5454545454545454,0.2727272727272727,0.0
243,98.0,0.0,4.62246059367,85243.0,400.0,0.0,18.1652879758,266191.0,33013.0,1743.0,20371.0,0.0,492.0,6.973568281939999,46.0047039067,7915.0,63175.0,nitinpossible,893,3.0,21,14,10,2.0,5.0,0.2,0.5,0.7,0.3,0.0
244,,,,,,,,,,,,,417.0,5.586919104990001,32.563954301799996,6492.0,93352.0,anct2004,712,4.0,17,15,10,2.0,4.0,0.0,0.4,0.2,0.4,0.0
245,124.0,0.0,5.789480243330001,394594.0,400.0,0.0,23.6689387649,1351006.0,150825.0,2044.0,72921.0,0.0,480.0,32.0362853629,97.7244880219,52091.0,326364.0,tokyotech2004,1166,1.0,19,3,10,1.0,8.0,0.7,0.8,1.6,0.1,0.0
246,,,,,,,,,,,,,194.0,3.03141361257,7.716105248160001,3474.0,93890.0,rhona2003,332,6.0,2,18,10,3.0,1.0,-0.5,0.1,-1.6,0.6,0.0
247,,,,,,,,,,,,,58.0,2.96024200519,5.5793305370200015,3425.0,87085.0,rhona2003,332,6.0,2,18,10,3.0,1.0,-0.5,0.1,-1.6,0.6,0.0
248,,,,,,,,,,,,,172.0,8.2,15.9464607026,7339.0,140541.0,yowai2004,1187,0.0,41,2,12,3.0,9.0,0.75,0.75,3.25,0.0,0.0
249,90.0,0.0,5.282155872980001,96364.0,399.0,0.0,21.4292954895,309158.0,29880.0,1505.0,19010.0,0.0,74.0,3.30814940577,6.25241153922,3897.0,87478.0,raic2004,1021,3.0,18,18,12,1.0,8.0,0.4166666666666667,0.6666666666666666,0.0,0.25,0.0
250,120.0,0.0,3.79812757995,449917.0,400.0,0.0,13.828385611300002,1444280.0,200543.0,3317.0,101055.0,0.0,70.0,35.5,34.5,71.0,374086.0,zeng01,54,1.0,0,1,1,0.0,0.0,-1.0,0.0,-1.0,1.0,0.0
253,,,,,,,,,,,,,112.0,7.47592592593,12.803984264,8074.0,179167.0,simcanuck,66,6.0,0,7,6,0.0,0.0,-1.0,0.0,-1.1666666666666667,1.0,0.0
254,120.0,0.0,5.08226370583,163923.0,400.0,0.0,19.207312880099998,526573.0,59392.0,2811.0,28562.0,0.0,59.0,2.7356321839099995,5.0001074164,5474.0,148473.0,wrighteagle2001,1129,1.0,11,2,5,0.0,4.0,0.6,0.8,1.8,0.2,0.0
255,133.0,0.0,7.032698752989999,141307.0,400.0,0.0,25.097629619299997,434654.0,39604.0,2019.0,19820.0,0.0,159.0,5.359541984730001,10.679139104099999,7021.0,115047.0,harmony,180,3.0,1,8,4,1.0,0.0,-0.75,0.0,-1.75,0.75,0.0
256,100.0,0.0,7.230488220489999,170566.0,400.0,0.0,26.877020559499996,569257.0,46323.0,1453.0,26677.0,0.0,2.0,1.2,0.4,6.0,132687.0,fcportugal2000,1216,2.0,42,6,23,0.0,21.0,0.8260869565217391,0.9130434782608696,1.565217391304348,0.08695652173913042,1.0
257,118.0,0.0,4.63721054747,241853.0,400.0,0.0,17.9111443,797808.0,82394.0,2921.0,41502.0,0.0,376.0,7.56515957447,20.7562519585,17067.0,142901.0,respina2001,929,3.0,14,11,8,0.0,5.0,0.25,0.625,0.375,0.375,0.0
260,113.0,0.0,7.304491822739999,227437.0,400.0,0.0,26.2837602132,724371.0,60255.0,2279.0,33583.0,0.0,14.0,3.69565217391,3.49452718216,85.0,179664.0,fcportugal2000,1216,2.0,42,6,23,0.0,21.0,0.8260869565217391,0.9130434782608696,1.565217391304348,0.08695652173913042,1.0
261,,,,,,,,,,,,,481.0,9.46682098765,27.646335865900003,24538.0,252810.0,cyberoos2001,1027,2.0,15,4,7,0.0,5.0,0.42857142857142855,0.7142857142857143,1.5714285714285714,0.2857142857142857,0.0
263,116.0,0.0,7.480981094860001,85768.0,400.0,0.0,32.1853004076,295894.0,21312.0,825.0,9516.0,0.0,108.0,6.73048327138,10.381739766699999,3621.0,73548.0,ateam,930,1.0,9,1,4,1.0,2.0,0.25,0.5,2.0,0.25,0.0
264,100.0,0.0,6.957606405269999,23589.0,400.0,0.0,30.8897161601,86294.0,7918.0,132.0,2378.0,0.0,265.0,10.714285714299999,29.7931645359,900.0,20345.0,gemini,1032,4.0,71,8,32,10.0,18.0,0.4375,0.5625,1.96875,0.125,0.0
267,79.0,0.0,4.309629414280002,139273.0,382.0,0.0,18.9954148096,527755.0,70266.0,1486.0,30812.0,0.0,474.0,49.2554660529,129.97696213700002,42803.0,128219.0,storms,953,5.0,35,28,16,1.0,10.0,0.3125,0.625,0.4375,0.3125,0.0
268,95.0,0.0,4.512726047209999,111196.0,398.0,0.0,18.0497042116,393723.0,56522.0,923.0,21686.0,0.0,158.0,14.940695296500001,29.3568858839,7306.0,95457.0,opuci,78,1.0,0,2,1,0.0,0.0,-1.0,0.0,-2.0,1.0,0.0
269,,,,,,,,,,,,,68.0,3.83883751651,7.359636623130001,5812.0,143212.0,one2010,76,5.0,0,15,5,0.0,0.0,-1.0,0.0,-3.0,1.0,0.0
272,16.0,0.0,2.68598561613,7547.0,74.0,0.0,11.211169664000002,30705.0,4051.0,198.0,1913.0,0.0,64.0,5.0849056603800005,12.594636418,539.0,112486.0,itandroids,567,9.0,29,44,16,1.0,6.0,-0.1875,0.375,-0.9375,0.5625,0.0
273,,,,,,,,,,,,,60.0,6.82417582418,12.191776553499999,1242.0,500859.0,wrighteagle,1200,1.0,66,19,19,2.0,16.0,0.7894736842105263,0.8421052631578947,2.473684210526316,0.05263157894736842,2.0
274,73.0,0.0,3.961950684090001,116395.0,400.0,0.0,21.915345597199998,529292.0,60557.0,1365.0,26895.0,0.0,228.0,10.4707233065,21.501795600799998,9120.0,115540.0,gliders2012,885,6.0,39,32,20,4.0,10.0,0.2,0.5,0.35,0.3,0.0
276,,,,,,,,,,,,,312.0,7.23052270969,18.1086623552,65429.0,837935.0,riton,305,10.0,19,37,15,3.0,2.0,-0.5333333333333333,0.13333333333333333,-1.2,0.6666666666666666,0.0
277,,,,,,,,,,,,,4.0,2.5,1.5,10.0,518845.0,yushan2012,848,6.0,45,40,20,5.0,9.0,0.15,0.45,0.25,0.3,0.0
278,81.0,0.0,3.67388978789,308936.0,400.0,0.0,18.1154286503,1240201.0,150312.0,7635.0,72158.0,0.0,271.0,2.93760970161,8.5414784563,18410.0,312322.0,fcportugal,667,8.0,23,32,16,0.0,8.0,0.0,0.5,-0.5625,0.5,0.0
279,114.0,0.0,9.05399249434,27293.0,400.0,0.0,37.8424605348,103237.0,10684.0,683.0,4236.0,0.0,52.0,2.27967806841,4.64561513006,1133.0,217851.0,oxsy,302,10.0,15,32,13,0.0,3.0,-0.5384615384615384,0.2307692307692308,-1.3076923076923077,0.7692307692307693,0.0
281,,,,,,,,,,,,,8.0,4.5,3.5,9.0,875526.0,nadco,25,2.0,3,7,2,0.0,0.0,-1.0,0.0,-2.0,1.0,0.0
284,98.0,0.0,4.16510852074,538850.0,400.0,0.0,23.6111442954,2286620.0,264030.0,4341.0,127572.0,0.0,414.0,13.137326274000001,29.1792652418,39701.0,532238.0,axiom,457,10.0,19,30,16,1.0,5.0,-0.3125,0.3125,-0.6875,0.625,0.0
286,76.0,0.0,3.29431492628,149155.0,290.0,0.0,14.8257111604,579146.0,64906.0,4177.0,41770.0,0.0,103.0,2.05365853659,4.1263045275599985,7157.0,12416.0,gpr,369,3.0,3,6,5,1.0,1.0,-0.4,0.2,-0.6,0.6,0.0
288,,,,,,,,,,,,,147.0,16.3051948052,22.905601856100002,2511.0,108668.0,one,371,7.0,16,28,10,0.0,3.0,-0.4,0.3,-1.2,0.7,0.0
289,73.0,0.0,3.97353556717,117840.0,400.0,0.0,22.382218540500002,540614.0,61767.0,1402.0,27409.0,0.0,137.0,10.472222222200001,17.5236392367,9048.0,117804.0,tiji,652,9.0,35,38,18,1.0,8.0,-0.05555555555555555,0.4444444444444444,-0.16666666666666666,0.5,0.0
290,,,,,,,,,,,,,575.0,12.8601336303,50.0469004176,86613.0,836482.0,marlik,993,3.0,21,9,11,1.0,7.0,0.3636363636363637,0.6363636363636364,1.0909090909090908,0.2727272727272727,1.0
291,113.0,0.0,8.55308834293,197319.0,400.0,0.0,38.4053685876,834709.0,57095.0,2171.0,31361.0,0.0,239.0,4.60402684564,13.8838556638,7546.0,193743.0,oxsy,1168,1.0,21,5,10,1.0,8.0,0.7,0.8,1.6,0.1,0.0
292,80.0,0.0,3.9595263528,130332.0,399.0,0.0,22.7148217702,612612.0,70853.0,1404.0,30091.0,0.0,151.0,10.0735135135,17.4021123626,9318.0,133049.0,aua2d,237,8.0,6,27,11,2.0,1.0,-0.6363636363636364,0.09090909090909093,-1.9090909090909087,0.7272727272727273,0.0
293,73.0,0.0,3.93808709001,111128.0,397.0,0.0,21.786086442800002,502147.0,58952.0,1367.0,25924.0,0.0,137.0,9.89473684211,17.0995888024,8460.0,110040.0,raic2011,631,6.0,15,16,11,0.0,5.0,-0.09090909090909093,0.4545454545454545,-0.09090909090909093,0.5454545454545454,0.0
294,100.0,0.0,4.3427794024,375229.0,400.0,0.0,17.4530325975,1276671.0,527084.0,5419.0,465316.0,0.0,11.0,6.0,5.0,12.0,450399.0,apollo,858,5.0,29,12,12,0.0,7.0,0.16666666666666666,0.5833333333333334,1.4166666666666667,0.4166666666666667,0.0
295,73.0,0.0,4.2097030583,126306.0,400.0,0.0,24.0116199456,582585.0,63920.0,1502.0,28280.0,0.0,137.0,10.0952380952,17.2913847886,9540.0,125841.0,photon,280,9.0,4,18,12,1.0,2.0,-0.5833333333333334,0.16666666666666666,-1.1666666666666667,0.75,0.0
296,,,,,,,,,,,,,270.0,11.5928072718,19.908466496400003,88001.0,933442.0,helios2011,1138,2.0,38,6,13,1.0,10.0,0.6153846153846154,0.7692307692307693,2.4615384615384617,0.15384615384615385,2.0
297,,,,,,,,,,,,,138.0,4.17479674797,9.56383524186,13351.0,185793.0,one,871,4.0,23,22,11,1.0,6.0,0.18181818181818185,0.5454545454545454,0.09090909090909093,0.3636363636363637,0.0
298,139.0,0.0,5.06421225907,607776.0,400.0,0.0,19.6627647354,2210217.0,273204.0,4517.0,134448.0,0.0,7.0,3.33333333333,2.49443825785,20.0,530836.0,nadco,961,1.0,13,5,6,2.0,3.0,0.3333333333333333,0.5,1.3333333333333333,0.16666666666666666,0.0
299,,,,,,,,,,,,,3.0,2.0,1.0,4.0,690218.0,eskilas,1056,2.0,33,8,10,1.0,7.0,0.5,0.7,2.5,0.2,0.0
300,118.0,0.0,4.48934550751,630043.0,400.0,0.0,17.8287161606,2196403.0,243021.0,6851.0,138909.0,0.0,329.0,8.27847859327,17.102213722200002,43313.0,574522.0,tduthinkingants,584,5.0,5,16,12,4.0,3.0,-0.16666666666666666,0.25,-0.9166666666666666,0.4166666666666667,0.0
301,,,,,,,,,,,,,532.0,13.4967948718,54.66877837569999,71587.0,577279.0,pesca,808,3.0,7,5,11,4.0,4.0,0.09090909090909093,0.3636363636363637,0.18181818181818185,0.2727272727272727,0.0
303,118.0,0.0,4.49490599984,628003.0,400.0,0.0,17.8610088155,2189532.0,242303.0,6851.0,138407.0,0.0,263.0,8.232033639139999,16.5501410739,43070.0,572798.0,tsubamegaeshi,395,6.0,5,21,11,3.0,2.0,-0.3636363636363637,0.18181818181818185,-1.4545454545454546,0.5454545454545454,0.0
304,,,,,,,,,,,,,140.0,6.11286089239,12.404400516900001,2329.0,41334.0,raic08,724,2.0,4,6,10,6.0,2.0,0.0,0.2,-0.2,0.2,0.0
305,,,,,,,,,,,,,526.0,16.1719101124,65.74287131359999,86358.0,573814.0,storms,654,6.0,30,47,19,8.0,5.0,-0.05263157894736842,0.2631578947368421,-0.8947368421052632,0.3157894736842105,0.0
306,98.0,0.0,4.13934065925,173747.0,400.0,0.0,16.3093165171,581486.0,71081.0,1751.0,39935.0,0.0,141.0,3.84690799397,8.74810569121,5101.0,163180.0,kuma,259,7.0,6,24,10,2.0,1.0,-0.6,0.1,-1.8,0.7,0.0
307,,,,,,,,,,,,,294.0,4.67602449364,16.2871340218,49636.0,675964.0,hana,745,2.0,8,10,7,3.0,2.0,0.0,0.2857142857142857,-0.2857142857142857,0.2857142857142857,0.0
308,,,,,,,,,,,,,263.0,8.261786600499999,17.2818613952,33295.0,375708.0,puppets,656,6.0,17,15,19,8.0,5.0,-0.05263157894736842,0.2631578947368421,0.10526315789473684,0.3157894736842105,0.0
310,118.0,0.0,4.49895428398,634047.0,400.0,0.0,17.8969652197,2213020.0,244215.0,6918.0,139783.0,0.0,263.0,8.2433048433,16.5676908802,43401.0,578353.0,bost,1029,2.0,27,11,16,5.0,9.0,0.4375,0.5625,1.0,0.125,0.0
315,118.0,0.0,4.49925345153,631885.0,400.0,0.0,17.8954060691,2204469.0,243875.0,6902.0,139311.0,0.0,263.0,8.223679209430001,16.5419414973,43273.0,576433.0,okarobo,723,4.0,7,9,12,4.0,4.0,0.0,0.3333333333333333,-0.16666666666666666,0.3333333333333333,0.0
316,93.0,0.0,3.94423652684,412784.0,400.0,0.0,15.8355565878,1415572.0,166926.0,5130.0,85260.0,0.0,266.0,8.57649071359,18.6143992604,35095.0,382014.0,helios2008,1209,0.0,67,10,21,4.0,17.0,0.8095238095238095,0.8095238095238095,2.7142857142857144,0.0,0.0
317,114.0,0.0,5.56581066913,424489.0,400.0,0.0,22.714983445700003,1469274.0,147843.0,4672.0,79015.0,0.0,359.0,8.572225484439999,18.941652013800002,29197.0,387218.0,yowai,363,9.0,8,26,14,2.0,3.0,-0.42857142857142855,0.21428571428571427,-1.2857142857142858,0.6428571428571429,0.0
321,114.0,0.0,4.84844016249,95398.0,400.0,0.0,20.038275369100003,345656.0,34791.0,1712.0,18775.0,0.0,139.0,3.37554206418,8.77315497964,3892.0,92710.0,nopporoes08,289,8.0,1,17,14,6.0,0.0,-0.5714285714285714,0.0,-1.1428571428571428,0.5714285714285714,0.0
322,114.0,0.0,4.84844016249,95398.0,400.0,0.0,20.038275369100003,345656.0,34791.0,1712.0,18775.0,0.0,139.0,3.37554206418,8.77315497964,3892.0,92710.0,nopporoes08,289,8.0,1,17,14,6.0,0.0,-0.5714285714285714,0.0,-1.1428571428571428,0.5714285714285714,0.0
323,143.0,0.0,4.4818539653,133766.0,398.0,0.0,21.1710984379,539842.0,64187.0,1890.0,40181.0,0.0,438.0,4.910031847130001,21.1754280444,6167.0,138535.0,engine,1103,2.0,25,8,13,2.0,9.0,0.5384615384615384,0.6923076923076923,1.3076923076923077,0.15384615384615385,0.0
324,,,,,,,,,,,,,231.0,7.05997109827,14.2811373229,9771.0,180831.0,zcvctf,942,4.0,33,11,14,2.0,8.0,0.2857142857142857,0.5714285714285714,1.5714285714285714,0.2857142857142857,0.0
325,139.0,0.0,4.91159308673,254953.0,399.0,0.0,18.4528426147,925629.0,85957.0,3300.0,49921.0,0.0,358.0,5.701511335009999,20.0483334374,13581.0,243739.0,czu,713,2.0,6,7,4,0.0,2.0,0.0,0.5,-0.25,0.5,0.0
326,,,,,,,,,,,,,64.0,3.05234899329,5.33683645443,4548.0,411116.0,tehran,1223,1.0,39,5,14,0.0,13.0,0.8571428571428571,0.9285714285714286,2.4285714285714284,0.07142857142857142,0.0
328,166.0,0.0,6.934467118139999,206818.0,398.0,0.0,24.8489251137,691677.0,60016.0,2053.0,30702.0,0.0,231.0,7.2211815562,15.1829642813,10023.0,184753.0,amoiensisnq,409,2.0,5,3,3,0.0,1.0,-0.3333333333333333,0.3333333333333333,0.6666666666666666,0.6666666666666666,0.0
329,130.0,0.0,4.87069867387,397486.0,400.0,0.0,23.978267178000003,1379420.0,169107.0,2381.0,102979.0,0.0,467.0,25.953152110999998,90.6852749307,44873.0,370768.0,victory,943,2.0,21,6,7,1.0,4.0,0.2857142857142857,0.5714285714285714,2.142857142857143,0.2857142857142857,0.0
330,97.0,0.0,3.11025410641,477699.0,400.0,0.0,11.8382443047,1529507.0,259902.0,2827.0,141298.0,0.0,567.0,13.727139364300001,67.54741427649999,28072.0,416428.0,dreamwing,832,3.0,18,12,8,1.0,4.0,0.125,0.5,0.75,0.375,0.0
331,128.0,0.0,4.36971325113,503543.0,400.0,0.0,18.9326013788,1554717.0,191808.0,2818.0,126074.0,0.0,332.0,8.470802919710001,22.1182935078,16247.0,428224.0,strive,329,3.0,6,9,4,0.0,1.0,-0.5,0.25,-0.75,0.75,0.0
332,166.0,0.0,6.938785286819999,198855.0,398.0,0.0,24.6637496102,659997.0,57609.0,2061.0,29487.0,0.0,194.0,6.947406340060001,13.3161285671,9643.0,22447.0,jmu,11,2.0,0,6,2,0.0,0.0,-1.0,0.0,-3.0,1.0,0.0
333,113.0,0.0,7.11759364682,175138.0,400.0,0.0,31.1233402973,660278.0,57917.0,1614.0,30311.0,0.0,359.0,8.77620087336,20.0389119603,8039.0,161556.0,yowai,881,3.0,28,6,10,2.0,5.0,0.2,0.5,2.2,0.3,0.0
334,103.0,0.0,4.4024109714,358234.0,400.0,0.0,17.700592328,1221255.0,138870.0,4633.0,75456.0,0.0,336.0,10.5955448202,32.5877546248,39479.0,562585.0,helios2007,1228,0.0,19,1,9,1.0,8.0,0.8888888888888888,0.8888888888888888,2.0,0.0,0.0
335,132.0,0.0,4.8333959639,573935.0,400.0,0.0,18.2514718559,1937639.0,219148.0,6474.0,116876.0,0.0,659.0,15.546179402,70.69199976600001,70191.0,512674.0,thinkingants,1106,1.0,19,2,13,4.0,8.0,0.5384615384615384,0.6153846153846154,1.3076923076923077,0.07692307692307693,0.0
336,143.0,0.0,4.99710994887,80431.0,398.0,0.0,23.1503507925,316240.0,37352.0,1678.0,25434.0,0.0,84.0,2.83848190644,5.76606640533,3216.0,83529.0,mikk,865,4.0,13,9,11,1.0,6.0,0.18181818181818185,0.5454545454545454,0.3636363636363637,0.3636363636363637,0.0
337,,,,,,,,,,,,,574.0,14.2571727749,61.6719716083,68078.0,584680.0,odens,937,2.0,17,2,11,4.0,5.0,0.2727272727272727,0.4545454545454545,1.3636363636363635,0.18181818181818185,0.0
338,,,,,,,,,,,,,660.0,12.233913149300001,65.7323764135,100575.0,571289.0,bears,1086,1.0,19,3,10,3.0,6.0,0.5,0.6,1.6,0.1,0.0
339,96.0,0.0,4.98966305398,96419.0,400.0,0.0,20.3351800895,348083.0,33152.0,1471.0,19918.0,0.0,54.0,3.31818181818,5.9238271194,3869.0,92055.0,nopporoes07,423,7.0,6,30,12,2.0,3.0,-0.3333333333333333,0.25,-2.0,0.5833333333333334,0.0
340,95.0,0.0,4.601708503269999,75000.0,398.0,0.0,21.021214563900003,285704.0,26619.0,1714.0,14941.0,0.0,51.0,2.91826086957,5.385997668810001,3356.0,113426.0,one,853,2.0,13,10,6,1.0,3.0,0.16666666666666666,0.5,0.5,0.3333333333333333,0.0
341,97.0,0.0,3.9349644916,587604.0,400.0,0.0,15.673045569100001,2028614.0,244385.0,10017.0,139543.0,0.0,457.0,7.249105652280001,34.4609309477,60791.0,560804.0,okarobo,911,3.0,17,5,9,1.0,5.0,0.2222222222222222,0.5555555555555556,1.3333333333333333,0.3333333333333333,0.0
342,95.0,0.0,4.85553872666,62753.0,398.0,0.0,22.573197838400002,239726.0,26905.0,1586.0,17799.0,0.0,51.0,2.51341350601,4.4837104183699985,2717.0,86631.0,raic2007,504,5.0,15,18,8,0.0,3.0,-0.25,0.375,-0.375,0.625,0.0
343,112.0,0.0,4.32912727773,585964.0,400.0,0.0,18.659364059,2142312.0,234333.0,6199.0,130779.0,0.0,589.0,15.301623176500001,60.2775193062,74473.0,545486.0,anct2007,868,4.0,19,8,11,1.0,6.0,0.18181818181818185,0.5454545454545454,1.0,0.3636363636363637,0.0
344,58.0,0.0,3.85365786675,90367.0,399.0,0.0,14.348475635,279218.0,35063.0,1453.0,19637.0,0.0,99.0,3.2772532188800003,6.55498023229,3818.0,63539.0,hana,461,6.0,11,22,10,1.0,3.0,-0.3,0.3,-1.1,0.6,0.0
345,,,,,,,,,,,,,377.0,3.66544454629,20.1494163705,3999.0,84479.0,raic2004,1000,2.0,13,14,8,1.0,5.0,0.375,0.625,-0.125,0.25,0.0
346,98.0,0.0,4.7499637168,85314.0,398.0,0.0,18.5494176759,265179.0,31144.0,1446.0,19338.0,0.0,392.0,4.528795811519999,26.129352510100002,5190.0,81506.0,winkit,948,3.0,16,13,10,1.0,6.0,0.3,0.6,0.3,0.3,0.0
347,101.0,0.0,3.15406106519,282249.0,398.0,0.0,11.2458572581,881743.0,127474.0,6186.0,64252.0,0.0,91.0,1.80089385475,3.62904473401,8059.0,268310.0,fuk2,613,4.0,6,12,9,2.0,3.0,-0.1111111111111111,0.3333333333333333,-0.6666666666666666,0.4444444444444444,0.0
348,124.0,0.0,5.766263169609998,397181.0,400.0,0.0,23.568935359,1362164.0,153653.0,2038.0,73013.0,0.0,444.0,12.826170622200001,39.8454188536,19996.0,329834.0,tokyotech2004,1128,2.0,36,3,10,0.0,8.0,0.6,0.8,3.3,0.2,0.0
349,,,,,,,,,,,,,155.0,7.508816120910001,13.571178077699999,5962.0,117345.0,yowai2004,1271,0.0,46,2,13,0.0,13.0,1.0,1.0,3.3846153846153846,0.0,0.0
350,98.0,0.0,4.58099233555,97192.0,398.0,0.0,17.868912036300003,305471.0,35704.0,1464.0,21888.0,0.0,415.0,5.570069204149999,32.4618930759,6439.0,92859.0,anct2004,623,4.0,12,17,10,3.0,3.0,-0.1,0.3,-0.5,0.4,0.0
351,96.0,0.0,5.03620298017,85246.0,400.0,0.0,20.4541561601,303400.0,28858.0,1453.0,17520.0,0.0,53.0,3.09798775153,5.44880133799,3541.0,81772.0,chello,957,3.0,25,11,9,0.0,6.0,0.3333333333333333,0.6666666666666666,1.5555555555555556,0.3333333333333333,0.0
352,55.0,0.0,3.8187273341,88570.0,399.0,0.0,14.4430139823,275895.0,34849.0,1438.0,19335.0,0.0,74.0,3.2143474503,6.0140171783000005,3719.0,81156.0,nitstones2004,448,2.0,2,3,3,0.0,1.0,-0.3333333333333333,0.3333333333333333,-0.3333333333333333,0.6666666666666666,0.0
353,124.0,0.0,5.76523826182,397150.0,400.0,0.0,23.5657607417,1362102.0,153656.0,2038.0,73014.0,0.0,264.0,10.9974226804,28.846085398899998,17068.0,329809.0,tokyotech2004,1128,2.0,36,3,10,0.0,8.0,0.6,0.8,3.3,0.2,0.0
355,39.0,0.0,3.2929961960500003,30904.0,172.0,0.0,13.4483033901,115672.0,18068.0,358.0,7990.0,0.0,146.0,8.78571428571,18.494207587400002,1722.0,28331.0,opuci,1073,1.0,6,10,4,0.0,3.0,0.5,0.75,-1.0,0.25,0.0
356,,,,,,,,,,,,,436.0,3.59612518629,17.5487207649,4826.0,98249.0,one,1119,3.0,49,18,14,0.0,11.0,0.5714285714285714,0.7857142857142857,2.2142857142857144,0.21428571428571427,0.0
357,,,,,,,,,,,,,260.0,9.917564402810001,18.4782272621,63522.0,384563.0,helios2009,1238,0.0,68,2,14,1.0,13.0,0.9285714285714286,0.9285714285714286,4.714285714285714,0.0,0.0
362,,,,,,,,,,,,,236.0,8.67636649626,16.855421963199998,44128.0,338337.0,helios2007,1143,3.0,79,17,30,5.0,22.0,0.6333333333333333,0.7333333333333333,2.066666666666667,0.1,1.0
363,,,,,,,,,,,,,340.0,8.01885775862,21.131519856700002,14883.0,309132.0,nemesis,875,8.0,36,22,26,5.0,13.0,0.19230769230769232,0.5,0.5384615384615384,0.3076923076923077,0.0
364,109.0,0.0,3.92447383014,86148.0,400.0,0.0,15.1121671807,271976.0,38643.0,1869.0,18313.0,0.0,30.0,1.65529753266,2.15429269506,2281.0,335846.0,ncl07,916,7.0,32,18,27,7.0,13.0,0.2222222222222222,0.4814814814814815,0.5185185185185185,0.25925925925925924,0.0
365,128.0,0.0,10.0122760262,143560.0,400.0,0.0,40.964718227199995,527805.0,36565.0,1695.0,19233.0,0.0,183.0,4.10322047894,10.8522886823,4969.0,134181.0,oxsy,922,10.0,64,56,30,3.0,17.0,0.2333333333333333,0.5666666666666667,0.26666666666666666,0.3333333333333333,0.0
366,139.0,0.0,4.927572624830001,249804.0,399.0,0.0,18.483768713299998,905144.0,84361.0,3280.0,48901.0,0.0,389.0,5.60876897133,20.1256899749,13304.0,237179.0,czu2007,1099,4.0,33,21,17,0.0,13.0,0.5294117647058824,0.7647058823529411,0.7058823529411765,0.2352941176470588,0.0
367,,,,,,,,,,,,,393.0,17.6484375,46.796065179799996,22590.0,240225.0,fcportugal2007,545,6.0,8,20,10,0.0,4.0,-0.2,0.4,-1.2,0.6,0.0
368,143.0,0.0,4.803685896459999,182442.0,398.0,0.0,21.858976980300003,734666.0,69396.0,2450.0,36826.0,0.0,326.0,4.43234738829,12.474668539000001,7043.0,186329.0,one2007,482,6.0,6,24,11,2.0,3.0,-0.2727272727272727,0.2727272727272727,-1.6363636363636365,0.5454545454545454,0.0
370,112.0,0.0,5.38540843545,472004.0,400.0,0.0,20.8216166737,1768189.0,188305.0,4874.0,105341.0,0.0,84.0,7.291666666669999,16.9102512466,175.0,452479.0,brainstormers07,1234,0.0,41,1,12,1.0,11.0,0.9166666666666666,0.9166666666666666,3.333333333333333,0.0,3.0
371,113.0,0.0,7.11759364682,175138.0,400.0,0.0,31.1233804852,660278.0,57917.0,1614.0,30311.0,0.0,359.0,8.77620087336,20.0389119603,8039.0,161556.0,yowai07,385,10.0,15,38,16,2.0,4.0,-0.375,0.25,-1.4375,0.625,0.0
373,,,,,,,,,,,,,4.0,2.33333333333,1.24721912892,7.0,171597.0,apollo,920,5.0,32,29,13,0.0,8.0,0.2307692307692308,0.6153846153846154,0.2307692307692308,0.38461538461538464,0.0
374,140.0,0.0,4.49523964434,139116.0,399.0,0.0,19.9013026195,540404.0,54228.0,1978.0,29176.0,0.0,201.0,5.14273927393,14.208150466900001,6233.0,138654.0,aua,517,7.0,18,18,12,1.0,4.0,-0.25,0.3333333333333333,0.0,0.5833333333333334,0.0
375,166.0,0.0,6.3669750682,235349.0,400.0,0.0,23.992058803600006,846505.0,70490.0,2018.0,35976.0,0.0,289.0,8.94842406877,18.565617514,12492.0,206705.0,zcvctf,605,8.0,24,45,15,1.0,6.0,-0.13333333333333333,0.4,-1.4,0.5333333333333333,0.0
376,200.0,0.0,5.6654226098899985,512584.0,400.0,0.0,23.1113031895,1994724.0,236188.0,2799.0,142438.0,0.0,416.0,10.16,26.578690354299997,21336.0,476301.0,strive,389,5.0,9,23,8,1.0,2.0,-0.375,0.25,-1.75,0.625,0.0
377,93.0,0.0,4.28261323296,710210.0,400.0,0.0,18.3217050843,2552814.0,296868.0,7102.0,183832.0,0.0,7.0,4.0,3.0,8.0,636422.0,hellibash,647,8.0,24,42,15,0.0,7.0,-0.06666666666666668,0.4666666666666667,-1.2,0.5333333333333333,0.0
378,166.0,0.0,6.39508068309,219429.0,400.0,0.0,23.869954503600002,781929.0,66286.0,2004.0,33420.0,0.0,195.0,8.44532374101,15.953920710799999,11739.0,192759.0,desertegl,1280,0.0,51,1,10,0.0,10.0,1.0,1.0,5.0,0.0,0.0
379,95.0,0.0,3.98479340159,199606.0,399.0,0.0,19.607077149000002,816031.0,95757.0,2040.0,52027.0,0.0,1233.0,9.67695783133,50.634263356800005,12851.0,206602.0,engine2d,1070,3.0,49,10,12,0.0,9.0,0.5,0.75,3.25,0.25,0.0
380,,,,,,,,,,,,,393.0,10.4917808219,25.2195686873,15318.0,268203.0,xmunq,844,3.0,10,9,7,0.0,4.0,0.14285714285714285,0.5714285714285714,0.14285714285714285,0.42857142857142855,0.0
381,,,,,,,,,,,,,387.0,10.0218629432,24.4171686672,54549.0,729300.0,hfutengine2012,425,2.0,5,7,3,0.0,1.0,-0.3333333333333333,0.3333333333333333,-0.6666666666666666,0.6666666666666666,0.0
383,81.0,0.0,4.245951691919998,148354.0,400.0,0.0,25.205796043299998,709513.0,73775.0,1353.0,32237.0,0.0,290.0,11.5004995005,23.7243630967,11512.0,152018.0,tjnu,1053,2.0,23,17,8,0.0,6.0,0.5,0.75,0.75,0.25,0.0
384,,,,,,,,,,,,,387.0,10.7584753528,26.678065883600002,58709.0,350210.0,apollo2d,429,4.0,12,19,6,0.0,2.0,-0.3333333333333333,0.3333333333333333,-1.1666666666666667,0.6666666666666666,0.0
385,,,,,,,,,,,,,234.0,12.213002566300002,22.5482651677,14277.0,202059.0,tornado,16,3.0,0,25,3,0.0,0.0,-1.0,0.0,-8.333333333333334,1.0,0.0
386,98.0,0.0,4.15725750957,482637.0,400.0,0.0,23.2580733918,2025600.0,241216.0,4135.0,114296.0,0.0,215.0,11.1944636678,18.5971563795,32352.0,475737.0,wonderpines,969,2.0,17,14,6,0.0,4.0,0.3333333333333333,0.6666666666666666,0.5,0.3333333333333333,0.0
387,,,,,,,,,,,,,215.0,11.330645161300001,19.0977334447,32315.0,437212.0,tiji,852,2.0,16,12,6,1.0,3.0,0.16666666666666666,0.5,0.6666666666666666,0.3333333333333333,0.0
389,98.0,0.0,4.32865167559,453217.0,400.0,0.0,24.2129156604,2084582.0,228305.0,4088.0,115753.0,0.0,215.0,11.5059233449,19.0763677003,33022.0,106030.0,dreamwing2d,424,4.0,18,22,6,0.0,2.0,-0.3333333333333333,0.3333333333333333,-0.6666666666666666,0.6666666666666666,0.0
390,81.0,0.0,4.05750974579,186998.0,400.0,0.0,23.3393713008,884592.0,96040.0,1820.0,42160.0,0.0,271.0,10.7193645991,20.4767844685,14171.0,191088.0,aua2d,717,3.0,19,15,6,0.0,3.0,0.0,0.5,0.6666666666666666,0.5,0.0
392,90.0,0.0,4.94113485589,501085.0,400.0,0.0,30.314051755799998,2402127.0,222497.0,3725.0,117963.0,0.0,302.0,14.6227272727,25.1896611515,38604.0,511532.0,wrighteagle,1167,1.0,41,6,10,1.0,8.0,0.7,0.8,3.5,0.1,0.0
393,98.0,0.0,4.33746802226,447804.0,400.0,0.0,24.176009296999997,2053615.0,225361.0,4116.0,114237.0,0.0,215.0,11.2199098162,18.7418020203,32347.0,441984.0,yunlu,962,2.0,19,9,6,0.0,4.0,0.3333333333333333,0.6666666666666666,1.6666666666666667,0.3333333333333333,0.0
394,98.0,0.0,4.250789479780002,532954.0,400.0,0.0,23.4059250036,2418867.0,271746.0,4437.0,138294.0,0.0,4.0,2.2,1.46969384567,11.0,405687.0,yushan2012,941,2.0,19,8,7,1.0,4.0,0.2857142857142857,0.5714285714285714,1.5714285714285714,0.2857142857142857,0.0
396,81.0,0.0,4.08324437167,132794.0,391.0,0.0,23.299654345100002,623436.0,69134.0,1340.0,29768.0,0.0,271.0,10.2935779817,21.347554738499998,10098.0,134779.0,tiji2015,867,6.0,28,28,22,6.0,10.0,0.18181818181818185,0.4545454545454545,0.0,0.2727272727272727,0.0
397,,,,,,,,,,,,,271.0,9.22346938776,20.1147742484,9039.0,116236.0,itandroids,404,13.0,31,36,23,5.0,5.0,-0.3478260869565217,0.21739130434782608,-0.21739130434782608,0.5652173913043478,0.0
398,,,,,,,,,,,,,6.0,1.05474452555,0.427942079941,289.0,409258.0,yushan2015,855,8.0,39,26,24,4.0,12.0,0.16666666666666666,0.5,0.5416666666666666,0.3333333333333333,0.0
399,,,,,,,,,,,,,277.0,9.519269776880002,20.1826380379,9386.0,122630.0,hfutengine2015,496,13.0,25,49,23,3.0,7.0,-0.2608695652173913,0.3043478260869565,-1.0434782608695652,0.5652173913043478,0.0
400,70.0,0.0,3.83125293159,114664.0,400.0,0.0,20.6189709507,524950.0,64257.0,1448.0,27253.0,0.0,262.0,9.32997987928,19.8798141,9274.0,111903.0,phonix,809,5.0,28,28,22,10.0,7.0,0.09090909090909093,0.3181818181818182,0.0,0.2272727272727273,0.0
401,90.0,0.0,4.90197611171,514840.0,400.0,0.0,30.1785124911,2473834.0,228335.0,3775.0,121961.0,0.0,381.0,14.9373828271,26.9134104517,39838.0,527103.0,wrighteagle,1139,3.0,56,13,21,2.0,16.0,0.6190476190476191,0.7619047619047619,2.0476190476190474,0.14285714285714285,3.0
402,70.0,0.0,3.74526858377,105332.0,400.0,0.0,19.8361631292,478318.0,59791.0,1409.0,25629.0,0.0,215.0,8.722792607799999,19.0299977719,8496.0,102932.0,genius2015,566,10.0,32,42,21,5.0,6.0,-0.19047619047619047,0.2857142857142857,-0.4761904761904762,0.4761904761904762,0.0
403,70.0,0.0,3.97077659026,110981.0,400.0,0.0,20.6984209642,506552.0,62077.0,1479.0,27037.0,0.0,215.0,8.442435775449999,18.1413539328,8873.0,108377.0,one2015,366,13.0,26,57,22,5.0,4.0,-0.4090909090909091,0.18181818181818185,-1.4090909090909092,0.5909090909090909,0.0
404,90.0,0.0,4.02079817483,154228.0,400.0,0.0,22.5107884145,715360.0,77549.0,1629.0,34461.0,0.0,576.0,9.699444885010001,31.526144250500003,12231.0,157159.0,gliders2015,1179,1.0,65,7,23,4.0,18.0,0.7391304347826086,0.7826086956521741,2.5217391304347827,0.043478260869565216,1.0
405,107.0,0.0,4.54164657104,243942.0,400.0,0.0,24.4158107935,1147394.0,121713.0,2498.0,56443.0,0.0,1.0,1.0,0.0,1.0,240536.0,hermes,606,11.0,25,39,23,4.0,8.0,-0.13043478260869565,0.3478260869565217,-0.6086956521739131,0.4782608695652174,0.0
406,69.0,0.0,3.8969216466,100324.0,397.0,0.0,20.7117189156,449703.0,63944.0,1424.0,27000.0,0.0,314.0,8.57409326425,19.2753151579,8274.0,5978.0,jaeger,234,18.0,22,74,23,2.0,3.0,-0.6521739130434783,0.13043478260869565,-2.260869565217391,0.7826086956521741,0.0
407,45.0,0.0,2.93818987176,59769.0,396.0,0.0,14.8661935202,252628.0,37853.0,661.0,17133.0,0.0,38.0,4.21359223301,7.41901320923,434.0,394540.0,helios2015,1195,1.0,51,8,21,3.0,17.0,0.7619047619047619,0.8095238095238095,2.0476190476190474,0.047619047619047616,2.0
408,98.0,0.0,3.59527845365,107615.0,400.0,0.0,18.272277447,461758.0,68417.0,1339.0,31129.0,0.0,103.0,7.81430219146,12.8088197093,6775.0,106051.0,yunlu,776,7.0,30,21,22,7.0,8.0,0.045454545454545456,0.3636363636363637,0.4090909090909091,0.3181818181818182,0.0
409,70.0,0.0,3.92970949817,135350.0,400.0,0.0,20.9715562026,622567.0,74978.0,1588.0,32234.0,0.0,279.0,10.470642201799999,21.952901221999998,11413.0,132902.0,mt2015,488,12.0,22,37,22,4.0,6.0,-0.2727272727272727,0.2727272727272727,-0.6818181818181818,0.5454545454545454,0.0
