,analizo_acc_kurtosis,analizo_acc_mean,analizo_acc_mode,analizo_acc_quantile_lower,analizo_acc_quantile_max,analizo_acc_quantile_median,analizo_acc_quantile_min,analizo_acc_quantile_ninety_five,analizo_acc_quantile_upper,analizo_acc_skewness,analizo_acc_standard_deviation,analizo_acc_sum,analizo_acc_variance,analizo_accm_kurtosis,analizo_accm_mean,analizo_accm_mode,analizo_accm_quantile_lower,analizo_accm_quantile_max,analizo_accm_quantile_median,analizo_accm_quantile_min,analizo_accm_quantile_ninety_five,analizo_accm_quantile_upper,analizo_accm_skewness,analizo_accm_standard_deviation,analizo_accm_sum,analizo_accm_variance,analizo_amloc_kurtosis,analizo_amloc_mean,analizo_amloc_mode,analizo_amloc_quantile_lower,analizo_amloc_quantile_max,analizo_amloc_quantile_median,analizo_amloc_quantile_min,analizo_amloc_quantile_ninety_five,analizo_amloc_quantile_upper,analizo_amloc_skewness,analizo_amloc_standard_deviation,analizo_amloc_sum,analizo_amloc_variance,analizo_anpm_kurtosis,analizo_anpm_mean,analizo_anpm_mode,analizo_anpm_quantile_lower,analizo_anpm_quantile_max,analizo_anpm_quantile_median,analizo_anpm_quantile_min,analizo_anpm_quantile_ninety_five,analizo_anpm_quantile_upper,analizo_anpm_skewness,analizo_anpm_standard_deviation,analizo_anpm_sum,analizo_anpm_variance,analizo_cbo_kurtosis,analizo_cbo_mean,analizo_cbo_mode,analizo_cbo_quantile_lower,analizo_cbo_quantile_max,analizo_cbo_quantile_median,analizo_cbo_quantile_min,analizo_cbo_quantile_ninety_five,analizo_cbo_quantile_upper,analizo_cbo_skewness,analizo_cbo_standard_deviation,analizo_cbo_sum,analizo_cbo_variance,analizo_change_cost,analizo_dit_kurtosis,analizo_dit_mean,analizo_dit_mode,analizo_dit_quantile_lower,analizo_dit_quantile_max,analizo_dit_quantile_median,analizo_dit_quantile_min,analizo_dit_quantile_ninety_five,analizo_dit_quantile_upper,analizo_dit_skewness,analizo_dit_standard_deviation,analizo_dit_sum,analizo_dit_variance,analizo_lcom4_kurtosis,analizo_lcom4_mean,analizo_lcom4_mode,analizo_lcom4_quantile_lower,analizo_lcom4_quantile_max,analizo_lcom4_quantile_median,analizo_lcom4_quantile_min,analizo_lcom4_quantile_ninety_five,analizo_lcom4_quantile_upper,analizo_lcom4_skewness,analizo_lcom4_standard_deviation,analizo_lcom4_sum,analizo_lcom4_variance,analizo_loc_kurtosis,analizo_loc_mean,analizo_loc_mode,analizo_loc_quantile_lower,analizo_loc_quantile_max,analizo_loc_quantile_median,analizo_loc_quantile_min,analizo_loc_quantile_ninety_five,analizo_loc_quantile_upper,analizo_loc_skewness,analizo_loc_standard_deviation,analizo_loc_sum,analizo_loc_variance,analizo_mmloc_kurtosis,analizo_mmloc_mean,analizo_mmloc_mode,analizo_mmloc_quantile_lower,analizo_mmloc_quantile_max,analizo_mmloc_quantile_median,analizo_mmloc_quantile_min,analizo_mmloc_quantile_ninety_five,analizo_mmloc_quantile_upper,analizo_mmloc_skewness,analizo_mmloc_standard_deviation,analizo_mmloc_sum,analizo_mmloc_variance,analizo_noa_kurtosis,analizo_noa_mean,analizo_noa_mode,analizo_noa_quantile_lower,analizo_noa_quantile_max,analizo_noa_quantile_median,analizo_noa_quantile_min,analizo_noa_quantile_ninety_five,analizo_noa_quantile_upper,analizo_noa_skewness,analizo_noa_standard_deviation,analizo_noa_sum,analizo_noa_variance,analizo_noc_kurtosis,analizo_noc_mean,analizo_noc_mode,analizo_noc_quantile_lower,analizo_noc_quantile_max,analizo_noc_quantile_median,analizo_noc_quantile_min,analizo_noc_quantile_ninety_five,analizo_noc_quantile_upper,analizo_noc_skewness,analizo_noc_standard_deviation,analizo_noc_sum,analizo_noc_variance,analizo_nom_kurtosis,analizo_nom_mean,analizo_nom_mode,analizo_nom_quantile_lower,analizo_nom_quantile_max,analizo_nom_quantile_median,analizo_nom_quantile_min,analizo_nom_quantile_ninety_five,analizo_nom_quantile_upper,analizo_nom_skewness,analizo_nom_standard_deviation,analizo_nom_sum,analizo_nom_variance,analizo_npa_kurtosis,analizo_npa_mean,analizo_npa_mode,analizo_npa_quantile_lower,analizo_npa_quantile_max,analizo_npa_quantile_median,analizo_npa_quantile_min,analizo_npa_quantile_ninety_five,analizo_npa_quantile_upper,analizo_npa_skewness,analizo_npa_standard_deviation,analizo_npa_sum,analizo_npa_variance,analizo_npm_kurtosis,analizo_npm_mean,analizo_npm_mode,analizo_npm_quantile_lower,analizo_npm_quantile_max,analizo_npm_quantile_median,analizo_npm_quantile_min,analizo_npm_quantile_ninety_five,analizo_npm_quantile_upper,analizo_npm_skewness,analizo_npm_standard_deviation,analizo_npm_sum,analizo_npm_variance,analizo_rfc_kurtosis,analizo_rfc_mean,analizo_rfc_mode,analizo_rfc_quantile_lower,analizo_rfc_quantile_max,analizo_rfc_quantile_median,analizo_rfc_quantile_min,analizo_rfc_quantile_ninety_five,analizo_rfc_quantile_upper,analizo_rfc_skewness,analizo_rfc_standard_deviation,analizo_rfc_sum,analizo_rfc_variance,analizo_sc_kurtosis,analizo_sc_mean,analizo_sc_mode,analizo_sc_quantile_lower,analizo_sc_quantile_max,analizo_sc_quantile_median,analizo_sc_quantile_min,analizo_sc_quantile_ninety_five,analizo_sc_quantile_upper,analizo_sc_skewness,analizo_sc_standard_deviation,analizo_sc_sum,analizo_sc_variance,analizo_total_abstract_classes,analizo_total_cof,analizo_total_eloc,analizo_total_loc,analizo_total_methods_per_abstract_class,analizo_total_modules,analizo_total_modules_with_defined_attributes,analizo_total_modules_with_defined_methods,analizo_total_nom,folder,category,agent_type,type
0,79.2968487153,2.24161073826,1.0,0.0,83.0,1.0,0.0,8.0,2.0,7.48953323978,5.72671875102,1336.0,32.7953076533,61.4663450051,2.1768815019099996,1.0,1.0,35.0,1.0,1.0,6.42105263158,2.5,5.83694388992,2.42366774604,1297.42137514,5.8741653431900005,52.6676880185,13.8673699472,1.0,3.625,260.0,7.875,1.0,48.0,18.05,5.23808531409,18.8327084387,8264.95248854,354.670907139,27.588823723,1.23084502615,1.0,0.666666666667,13.0,1.0,0.0,3.0,1.6666666666699999,3.62394496581,1.0839393306799998,733.583635586,1.1749244726,22.6454207829,1.9395973154400004,0.0,0.0,33.0,0.0,0.0,8.0,3.0,3.69599449644,3.44020360531,1156.0,11.835000846,0.05,5.51327265821,1.04026845638,1.0,0.0,6.0,1.0,0.0,3.0,1.0,2.07973013583,1.02656607727,620.0,1.053837911,31.5746993507,2.75503355705,1.0,1.0,31.0,2.0,1.0,7.0,3.0,4.151147190680001,2.5212491566299997,1642.0,6.3566973098,66.559955833,107.26174496600001,1.0,8.0,3473.0,22.0,1.0,501.0,93.0,6.6085640902,249.47370204700002,63928.0,62237.1280131,20.8540460495,39.994966443,1.0,6.0,618.0,13.0,1.0,164.0,44.0,3.8977008349599997,69.0388878955,23837.0,4766.36804185,47.5959891065,6.31208053691,2.0,2.0,110.0,4.0,0.0,19.0,7.0,5.63081762329,9.57447174927,3762.0,91.6705092775,109.775083895,0.307046979866,0.0,0.0,21.0,0.0,0.0,1.0,0.0,9.35251925935,1.52006766915,183.0,2.3106057187999998,29.493509469299998,5.72986577181,2.0,2.0,85.0,3.0,1.0,20.0,7.0,4.24945731924,7.416256092919999,3415.0,55.0008544357,40.5706259969,3.20302013423,0.0,0.0,65.0,1.0,0.0,11.0,4.0,5.16161322566,5.80848908799,1909.0,33.7385454853,18.8932115066,3.23154362416,1.0,1.0,40.0,2.0,0.0,12.0,4.0,3.7772481796199995,4.53632342523,1926.0,20.5782302183,44.584834266,27.0486577181,2.0,4.0,589.0,10.0,1.0,119.0,26.0,5.50421130055,51.4223832003,16121.0,2644.26149399,43.3328611978,6.053691275169999,0.0,0.0,170.0,0.0,0.0,27.0,6.0,5.67259036159,14.9011466413,3608.0,222.04417122599997,29.0,0.0037674130054699997,78826.0,63928.0,6.62068965517,596.0,526.0,596.0,3415.0,/home/se-metrics/root/Other_robo_proccessed/SPL_The_Awesome_Resurrection_21-01-13,Robcup-Other-Leagues,Robot,Robocup
1,29.4841444288,3.0,0.0,0.0,66.0,1.0,0.0,13.0,2.0,4.76859948638,6.6698665232500005,1284.0,44.4871194379,13.052794414000001,2.0231880357,1.0,1.0,13.5,1.0,1.0,5.57142857143,2.5,3.1662029521099995,1.82841067345,865.924479278,3.34308559078,17.9605967953,13.477327501,1.0,4.33333333333,145.0,8.0,1.0,39.6666666667,17.5,3.3537814507599997,15.544528603800002,5768.29617043,241.632369515,188.141510556,0.934538984176,1.0,0.5,23.0,0.666666666667,0.0,2.0,1.0,11.703243402,1.3136996570100001,399.982685227,1.72580678883,16.8714027053,2.64252336449,0.0,0.0,38.0,1.0,0.0,10.0,4.0,3.12262296509,4.08868492763,1131.0,16.7173444374,0.04,3.4966226634099997,1.0023364486,1.0,0.0,6.0,1.0,0.0,4.0,1.0,1.89379862821,1.22139174998,429.0,1.4917978069100002,27.2709454854,2.79672897196,1.0,1.0,32.0,2.0,1.0,8.0,3.0,4.10958361869,3.01336422999,1197.0,9.08036398258,232.029430223,88.32242990649999,13.0,13.0,5028.0,27.0,1.0,290.0,77.25,13.723164309000001,279.58458438099996,37802.0,78167.5398236,14.0180581565,30.2897196262,1.0,5.75,346.0,12.5,1.0,107.0,40.25,3.24097825192,43.7042989747,12964.0,1910.06574887,8.84129120781,5.3761682243,0.0,1.0,47.0,3.0,0.0,20.0,7.0,2.67893460919,7.22415232759,2301.0,52.1883768522,28.362344341700002,0.317757009346,0.0,0.0,10.0,0.0,0.0,2.0,0.0,4.992427285280001,1.1762531776799998,136.0,1.38357153801,166.782669454,5.98831775701,3.0,2.0,204.0,3.0,1.0,17.0,6.0,11.3467651521,12.2691270729,2563.0,150.531479131,14.6505247107,1.8855140186900001,0.0,0.0,26.0,0.0,0.0,9.0,2.0,3.42545380874,3.677703624630001,807.0,13.5255039506,257.895254484,4.24299065421,2.0,2.0,204.0,3.0,0.0,11.0,4.0,14.8307190702,11.0261270483,1816.0,121.575477686,163.785834276,27.2523364486,1.0,6.0,1134.0,11.0,1.0,91.0,27.25,11.2421351322,69.0684205396,11664.0,4770.44671584,23.6304905891,7.4953271028,0.0,0.0,128.0,2.0,0.0,32.0,9.25,4.06361924623,14.2181885899,3208.0,202.156886778,32.0,0.007025761124119999,47699.0,37802.0,6.6875,428.0,343.0,428.0,2563.0,/home/se-metrics/root/Other_robo_proccessed/SPL_HULKsCodeRelease,Robcup-Other-Leagues,Robot,Robocup
4,17.533744663900002,3.4850299401199996,0.0,0.0,55.0,1.0,0.0,17.0,2.0,4.110750497130001,8.8880970136,582.0,78.9982685232,53.782055539,2.50717832587,1.0,1.0,34.0,1.5,1.0,6.692307692309999,2.75,6.556871037740001,3.3659526616799997,418.698780421,11.3296373206,65.510544503,16.5417901698,1.0,4.0,344.0,9.5,1.0,44.8333333333,17.8461538462,7.280329613989999,32.519304751199996,2762.47895836,1057.5051815,12.7475999049,1.6004654430200003,1.0,1.0,7.538461538460001,1.42857142857,0.0,3.0,2.0,2.63925057651,0.891798676543,267.277728985,0.7953048794840001,5.527469991209999,4.89820359281,0.0,1.0,31.0,3.0,0.0,19.0,7.0,2.16872425416,5.95124238375,818.0,35.417285910100006,0.46,1.2926490452500001,0.443113772455,0.0,0.0,3.0,0.0,0.0,2.0,1.0,1.61933946789,0.8184969358319999,74.0,0.669937233966,16.8747484259,5.0119760479,1.0,1.0,55.0,2.0,1.0,17.0,5.5,3.66287368994,7.364018697210001,837.0,54.2287713729,21.6115586204,161.98802395200002,31.0,18.0,2064.0,68.0,1.0,573.0,215.0,3.9443223354000003,258.985136756,27052.0,67073.3010605,113.773920804,53.6526946108,1.0,9.5,1522.0,30.0,1.0,151.0,62.0,9.86970444484,125.641962531,8960.0,15785.902748700002,7.2710329064999994,5.75449101796,0.0,1.0,44.0,3.0,0.0,19.0,8.0,2.42371485539,7.42956246248,961.0,55.198398383999994,113.927687657,0.25748502994000005,0.0,0.0,23.0,0.0,0.0,0.0,0.0,10.2926337259,1.96034196628,43.0,3.84294062477,5.55375503364,10.808383233499999,5.0,4.0,63.0,7.0,1.0,33.0,14.0,2.1171378901900004,10.470805156399999,1805.0,109.63776062299999,21.226888697,2.81437125749,0.0,0.0,44.0,1.0,0.0,10.0,3.0,4.14598962509,5.958311755,470.0,35.5014789698,7.981089958189999,9.82634730539,6.0,4.0,63.0,7.0,1.0,27.0,13.0,2.39711582866,9.38788121388,1641.0,88.1323136859,10.344818139700001,54.377245509,17.0,11.0,491.0,28.0,1.0,195.0,68.0,2.87215779194,73.84815231,9081.0,5453.549599600001,140.23465512299998,27.994011976,0.0,1.0,1595.0,6.0,0.0,99.0,16.0,11.4354080399,127.35669939,4675.0,16219.728879600001,2.0,0.0209941562658,24190.0,27052.0,19.0,167.0,135.0,167.0,1805.0,/home/se-metrics/root/Other_robo_proccessed/Small-Size-League_CMDragons2002-0,Robcup-Other-Leagues,Robot,Robocup
5,107.305225535,1.58968058968,0.0,0.0,90.0,0.0,0.0,9.0,1.0,8.53472296418,5.37624419273,1294.0,28.904001619899997,208.20216508200002,2.06739818677,1.0,1.0,66.0,1.0,1.0,5.75,2.0,12.7156705357,3.5622250695199997,1682.86212403,12.689447445899999,94.2498807612,12.458667978,1.0,2.75694444444,380.0,5.0,1.0,41.5,13.0,8.53980115295,26.6703745961,10141.355734100001,711.308881096,14.6552028018,1.5140314088,1.0,1.0,12.0,1.25,0.0,3.75,2.0,2.90321130361,1.19266153436,1232.42156677,1.42244153553,13.0103024974,1.64373464373,0.0,0.0,21.0,1.0,0.0,7.0,2.0,3.25513190953,2.77102452771,1338.0,7.678576933189999,0.04,0.963830629505,0.371007371007,0.0,0.0,2.0,0.0,0.0,2.0,1.0,1.56120812016,0.6745740526189999,302.0,0.455050152467,176.264761262,4.1941031941,1.0,1.0,177.0,2.0,1.0,12.0,4.0,10.902417540899998,9.04242642436,3414.0,81.76547564,40.5460681217,67.4385749386,4.0,6.0,1632.0,15.0,1.0,317.0,54.75,5.56181066686,157.576699647,54895.0,24830.416271500002,28.3005140014,26.6511056511,4.0,4.0,558.0,8.0,1.0,113.0,26.0,4.65872294487,52.7492958162,21694.0,2782.48820911,147.37044597,3.28378378378,0.0,0.0,171.0,1.0,0.0,14.0,3.0,9.9240785784,9.29782248747,2673.0,86.4495030085,118.92360213200001,0.202702702703,0.0,0.0,22.0,0.0,0.0,0.0,0.0,10.3146921371,1.52048499014,165.0,2.31187460523,98.8773045595,5.99385749386,1.0,1.0,177.0,3.0,1.0,22.0,6.0,7.9091388092,10.6286397015,4879.0,112.967981903,410.88428978,1.5,0.0,0.0,171.0,0.0,0.0,7.0,1.0,17.904782593900002,7.06789251128,1221.0,49.955104551000005,110.771431334,5.29484029484,1.0,1.0,173.0,3.0,0.0,20.0,5.0,8.4655621218,10.135808329400001,4310.0,102.734610491,38.133024884499996,17.4164619165,1.0,2.0,381.0,6.0,1.0,76.0,17.0,5.21160794231,33.9350696738,14177.0,1151.58895376,138.756800196,8.76781326781,0.0,0.0,588.0,1.0,0.0,29.0,6.0,10.3676556085,33.7206364763,7137.0,1137.08132436,15.0,0.00195532667857,66547.0,54895.0,3.73333333333,814.0,442.0,814.0,4879.0,/home/se-metrics/root/Other_robo_proccessed/SPL_rUNSWift-2015-release,Robcup-Other-Leagues,Robot,Robocup
6,58.3128005903,2.5398773006099997,1.0,0.0,83.0,1.0,0.0,10.0,2.0,6.61416519472,6.41163055989,1656.0,41.1090064365,60.700794763599994,2.19972389075,1.0,1.0,35.0,1.0,1.0,6.42105263158,2.5,5.69829341395,2.37553790794,1434.21997677,5.64318035207,50.008588917299996,14.0689294195,1.0,3.5,260.0,8.0,1.0,48.111111111099994,18.657142857100002,5.00454716236,18.640167504100003,9172.9419815,347.45584458,25.916466656,1.2153978260299998,1.0,0.6,13.0,1.0,0.0,3.0,1.60625,3.50012559747,1.08299510999,792.439382574,1.1728784082600001,13.478252784,2.3726993865,0.0,0.0,34.0,1.0,0.0,10.0,3.0,2.9781707692,4.00315429568,1547.0,16.025244315,0.09,5.71473307877,0.984662576687,1.0,0.0,6.0,1.0,0.0,3.0,1.0,2.08603138909,1.01285639326,642.0,1.0258780733700001,22.2057533169,2.9432515337400003,1.0,1.0,31.0,2.0,1.0,8.0,4.0,3.7284945439999997,2.84761476352,1919.0,8.1089098414,67.3145503186,109.329754601,1.0,8.0,3473.0,24.0,1.0,495.0,107.25,6.551857002519999,243.118848203,71283.0,59106.7743514,19.9664924083,40.768404908,1.0,6.0,618.0,13.0,1.0,162.0,46.0,3.7741770290400005,68.2876138216,26581.0,4663.19820145,48.2570108741,6.24846625767,2.0,2.0,110.0,4.0,0.0,19.0,7.25,5.59548325034,9.30204447625,4074.0,86.5280314382,114.290951555,0.30981595091999997,0.0,0.0,21.0,0.0,0.0,2.0,0.0,9.449635749239999,1.4713950338,202.0,2.16500334549,28.4594545234,5.90950920245,2.0,2.0,85.0,3.0,1.0,20.0,7.0,4.0801787247400005,7.292828479,3853.0,53.1853472242,38.0314516181,3.2177914110400003,0.0,0.0,65.0,1.0,0.0,12.0,4.0,4.91600594201,5.773911561089999,2098.0,33.338054715300004,14.3510554716,3.5644171779100002,1.0,1.0,40.0,2.0,0.0,12.0,4.0,3.26763058862,4.721148041559999,2324.0,22.2892388303,40.523436675,28.213190184000002,1.0,5.0,591.0,11.0,1.0,121.0,28.0,5.2209864670099995,51.8999002063,18395.0,2693.59964142,34.5550397796,7.720858895710001,0.0,0.0,190.0,1.0,0.0,35.0,8.0,5.05959351068,17.7642522483,5034.0,315.56865794,34.0,0.00390150122982,87258.0,71283.0,6.9411764705899985,652.0,572.0,652.0,3853.0,/home/se-metrics/root/Other_robo_proccessed/SPL_The_Charismatisch_Shirley_02-05-2013,Robcup-Other-Leagues,Robot,Robocup
7,115.69510793799999,1.58990147783,0.0,0.0,93.0,0.0,0.0,9.0,1.0,8.83897716156,5.42843102276,1291.0,29.4678633688,200.910047593,2.08284756809,1.0,1.0,66.0,1.0,1.0,5.833333333330001,2.0,12.434149010699999,3.5956945046699995,1691.27222529,12.9290189709,91.3963017808,12.642904959300001,1.0,2.75,380.0,5.0,1.0,42.0,13.159663865499999,8.378283946369999,26.8762881733,10266.038827,722.334865972,15.0684629938,1.5106784689,1.0,1.0,12.0,1.25,0.0,3.5,2.0,2.94571364101,1.18593390782,1226.67091674,1.40643923372,13.0988973595,1.64532019704,0.0,0.0,21.0,1.0,0.0,7.0,2.0,3.26637435621,2.7746990187400002,1336.0,7.698954644570001,0.04,0.9009486918899999,0.375615763547,0.0,0.0,2.0,0.0,0.0,2.0,1.0,1.5422560053100003,0.6776666211839999,305.0,0.459232049468,176.097820535,4.184729064040001,1.0,1.0,177.0,2.0,1.0,12.0,4.0,10.903240248800001,9.05077407024,3398.0,81.9165112705,41.7832601992,66.7253694581,4.0,6.0,1632.0,15.0,1.0,304.0,55.0,5.5855710398300005,153.722866872,54181.0,23630.7197995,24.3303741088,26.666256157600003,4.0,4.0,483.0,7.5,1.0,113.0,26.0,4.40839182623,51.758480132399995,21653.0,2678.94026562,150.563324634,3.24630541872,0.0,0.0,171.0,1.0,0.0,14.0,3.0,9.908888629349999,9.15241129152,2636.0,83.7666324491,116.949543061,0.204433497537,0.0,0.0,22.0,0.0,0.0,0.0,0.0,10.2379443091,1.5298364472600001,166.0,2.34039955537,99.5040467913,5.95320197044,1.0,1.0,177.0,3.0,1.0,22.0,6.0,7.947261931030001,10.6216296127,4834.0,112.81901562899999,413.215910359,1.46921182266,0.0,0.0,171.0,0.0,0.0,7.0,1.0,18.0042946597,7.06428385658,1193.0,49.904106406400004,110.811570825,5.26231527094,1.0,1.0,173.0,3.0,0.0,20.0,5.0,8.47562444271,10.1436736188,4273.0,102.894114485,36.0647890179,17.2327586207,1.0,2.0,381.0,6.0,1.0,74.0,17.0,5.06704978361,33.2596000738,13993.0,1106.20099707,143.223056308,8.70935960591,0.0,0.0,588.0,1.0,0.0,30.0,6.0,10.5137111842,33.3991185613,7072.0,1115.50112067,15.0,0.00196042105775,66905.0,54181.0,3.73333333333,812.0,440.0,812.0,4834.0,/home/se-metrics/root/Other_robo_proccessed/SPL_rUNSWift-2014-release,Robcup-Other-Leagues,Robot,Robocup
8,2.2209103246599997,1.796875,0.0,0.0,11.0,1.0,0.0,8.0,2.25,1.7057907415399998,2.64382891829,115.0,6.98983134921,4.95794376651,4.24842740062,1.0,1.15777972028,23.0,2.3101851851900004,1.0,13.0,5.00909090909,2.11374256565,4.48125548258,271.89935364,20.0816507002,1.91632459607,27.5670836358,1.0,6.0,123.0,15.7142857143,1.0,98.0,35.6172248804,1.5850411505200002,29.7501910042,1764.29335269,885.0738647889999,6.53142447115,1.0850796973299999,1.0,0.5,5.0,1.0,0.0,2.6,1.26157407407,2.1994926245599995,0.9152394772779999,69.44510062890001,0.837663300768,2.20252817837,3.15625,0.0,0.0,17.0,2.0,0.0,11.0,5.25,1.59814527343,3.9809815731400002,202.0,15.8482142857,0.13,8.637237942439999,0.078125,0.0,0.0,1.0,0.0,0.0,1.0,0.0,3.21996628249,0.27048970875,5.0,0.0731646825397,8.23536164577,3.59375,2.0,1.0,20.0,2.0,1.0,10.0,4.25,2.67790589654,3.8160843806199995,230.0,14.5625,15.1604562775,239.609375,6.0,47.25,2165.0,129.5,2.0,783.0,245.75,3.37373113013,345.222294025,15335.0,119178.43229200001,0.748566621655,94.21875,1.0,11.25,420.0,42.0,1.0,285.0,177.25,1.2311776628,105.98719131200001,6030.0,11233.2847222,24.4644461827,8.453125,0.0,0.0,96.0,4.0,0.0,29.0,11.0,4.258812435369999,13.946530190899999,541.0,194.505704365,42.6147687796,0.078125,0.0,0.0,3.0,0.0,0.0,0.0,0.0,6.27898674046,0.410369075075,5.0,0.168402777778,4.16660878376,10.703125,2.0,3.0,55.0,6.5,1.0,27.0,16.5,1.83344046528,10.815449982899999,685.0,116.973958333,12.193646747999999,4.125,0.0,0.0,38.0,2.0,0.0,16.0,6.0,3.0171008422400005,6.40312423743,264.0,41.0,4.91656748563,9.890625,2.0,2.0,55.0,5.0,1.0,27.0,14.0,2.00421940123,10.7395090005,633.0,115.337053571,12.7054086782,54.1875,11.0,10.75,420.0,34.0,1.0,145.0,75.0,3.12216781491,70.75283941800001,3468.0,5005.96428571,20.2092170847,13.359375,0.0,0.0,171.0,2.0,0.0,50.0,12.5,4.3155316486199995,29.5120998524,855.0,870.9640376980001,2.0,0.0285218253968,15330.0,15335.0,11.0,64.0,47.0,64.0,685.0,/home/se-metrics/root/Other_robo_proccessed/Humanoid_HROS5-Framework,Robcup-Other-Leagues,Robot,Robocup
10,3.6688988048000004,1.5528455284600002,0.0,0.0,11.0,1.0,0.0,7.0,2.0,1.9271477433900002,2.20730253014,191.0,4.87218445955,9.53153728137,3.2672122286299996,1.0,1.0,23.0,1.75,1.0,12.666666666700001,3.29166666667,2.9941317101599996,4.12118802876,401.867104121,16.984190768399998,14.955463101500001,21.9759227468,1.0,5.55,224.0,9.29411764706,1.0,95.8,25.1666666667,3.4812865487699995,33.4962703798,2703.03849786,1122.00012936,3.91676997209,1.0644311628,1.0,0.5,5.0,0.916666666667,0.0,2.9375,1.36666666667,1.6982135426499998,0.9019225753229999,130.925033024,0.813464331876,4.934512084750001,2.29268292683,0.0,0.0,17.0,1.0,0.0,9.0,3.0,2.10111854438,3.2611264957999997,282.0,10.6349460216,0.05,9.43961404623,0.13008130081299998,0.0,0.0,2.0,0.0,0.0,1.0,0.0,3.06956941639,0.383242199529,16.0,0.1468745835,9.65081688998,3.3739837398400003,1.0,1.0,20.0,2.0,1.0,9.0,4.0,2.67754462842,3.1865454185799997,415.0,10.1540717047,20.6624836018,172.951219512,1.0,21.5,2165.0,78.0,1.0,653.0,205.0,3.8826228893800003,284.872242106,21273.0,81152.1943223,3.73026390393,67.9756097561,1.0,7.0,453.0,24.0,1.0,281.0,74.0,2.02233392829,96.9914195474,8361.0,9407.33546581,39.0918146057,6.20325203252,0.0,1.0,96.0,3.0,0.0,21.0,8.0,5.2180721840199995,10.800697723099999,763.0,116.655071305,26.208559278800003,0.113821138211,0.0,0.0,3.0,0.0,0.0,1.0,0.0,5.0515900455,0.49923305166799997,14.0,0.249233639877,6.5186055637099996,8.84552845528,2.0,3.0,55.0,5.0,1.0,25.0,12.0,2.15505112582,8.95712237925,1088.0,80.2300413168,15.602836664000002,3.25203252033,0.0,0.0,38.0,1.0,0.0,13.0,4.0,3.30412410503,5.31868573673,400.0,28.288417966100003,9.22963217912,7.5203252032500005,2.0,2.0,55.0,4.0,1.0,24.0,9.0,2.64537079842,8.63499323046,925.0,74.5631080901,20.5375543297,37.9593495935,1.0,6.5,420.0,17.0,1.0,134.0,50.5,3.85285728364,56.4146531328,4669.0,3182.6130881,36.1822320701,9.146341463410002,0.0,0.0,171.0,2.0,0.0,30.0,9.0,5.59090470513,22.3422275064,1125.0,499.175129948,5.0,0.0127282420365,23102.0,21273.0,7.8,123.0,93.0,123.0,1088.0,/home/se-metrics/root/Other_robo_proccessed/Humanoid_BIU,Robcup-Other-Leagues,Robot,Robocup
11,59.5532436045,2.5130970724200004,1.0,0.0,83.0,1.0,0.0,9.0,2.0,6.68781381697,6.382622370580001,1631.0,40.7378683254,60.928950398999994,2.1937198173700003,1.0,1.0,35.0,1.0,1.0,6.375,2.5,5.71784406552,2.37659322335,1423.72416147,5.648195349269999,50.245269546,14.0035301133,1.0,3.5,260.0,8.0,1.0,48.0,18.5,5.02751893394,18.6464925772,9088.29104355,347.691685431,26.042100988,1.2210159978,1.0,0.625,13.0,1.0,0.0,3.0,1.625,3.5138231243800004,1.08232986518,792.439382574,1.1714379370499999,14.687825758599999,2.30508474576,0.0,0.0,34.0,1.0,0.0,10.0,3.0,3.04072280381,3.8752923466699998,1496.0,15.017890772100001,0.09,5.70933828816,0.989214175655,1.0,0.0,6.0,1.0,0.0,3.0,1.0,2.08572727125,1.01297485377,642.0,1.0261180543700001,22.1127793851,2.95069337442,1.0,1.0,31.0,2.0,1.0,8.0,4.0,3.71961094138,2.85244701858,1915.0,8.1364539938,67.9472964008,108.359013867,1.0,8.0,3473.0,24.0,1.0,494.0,106.0,6.599269516360001,242.93427879,70325.0,59017.063811399996,19.9115396275,40.7134052388,1.0,6.0,618.0,13.0,1.0,162.0,45.0,3.77147996881,68.4147289997,26423.0,4680.575144100001,48.7429423864,6.192604006159999,2.0,2.0,110.0,4.0,0.0,19.0,7.0,5.64248751189,9.296631251280001,4019.0,86.42735262229999,113.76637766200001,0.31124807396,0.0,0.0,21.0,0.0,0.0,2.0,0.0,9.42799535532,1.47464574584,202.0,2.17458007571,28.593533418099998,5.8875192603999995,2.0,2.0,85.0,3.0,1.0,20.0,7.0,4.097919485199999,7.296074213510001,3821.0,53.232698928999994,39.760823997399996,3.15562403698,0.0,0.0,65.0,1.0,0.0,11.0,4.0,5.0538602173000005,5.72563031899,2048.0,32.7828425498,14.793532920999999,3.53158705701,1.0,1.0,40.0,2.0,0.0,12.0,4.0,3.3185645212,4.6972546594099995,2292.0,22.0642013354,43.8794685238,27.5916795069,1.0,5.0,591.0,11.0,1.0,118.0,28.0,5.40364101612,50.7498220375,17907.0,2575.54443684,35.1145283911,7.627118644069999,0.0,0.0,190.0,1.0,0.0,33.0,8.0,5.0963527615499995,17.6609775392,4950.0,311.910127642,34.0,0.00387823622287,86013.0,70325.0,6.9411764705899985,649.0,569.0,649.0,3821.0,/home/se-metrics/root/Other_robo_proccessed/SPL_The_BloodyHoly_Crusade_08-04-2013,Robcup-Other-Leagues,Robot,Robocup
13,10.9531006848,0.737254901961,0.0,0.0,9.0,0.0,0.0,4.0,1.0,3.09734464949,1.57164350312,188.0,2.4700633009099997,15.5369447143,2.50717351752,1.0,1.0,19.0,1.4,1.0,6.25,3.0,3.3862085784500002,2.52093267716,639.329246968,6.35510156276,8.85867353009,20.1693995201,12.0,7.0,140.5,12.0,1.0,58.75,26.7698412698,2.5657407918599997,20.592789501,5143.19687763,424.06297943199996,48.81171511,1.31862343467,1.0,1.0,13.0,1.0,0.0,3.0,1.45,5.45135125502,1.1125872986299998,336.248975842,1.23785049706,43.2339772747,2.25882352941,0.0,0.0,37.0,1.0,0.0,9.0,3.0,5.07876423421,3.40617644589,576.0,11.602037980499999,0.02,5.02933773755,0.188235294118,0.0,0.0,2.0,0.0,0.0,1.0,0.0,2.36287963979,0.44793799610600005,48.0,0.200648448356,2.48883254404,4.33333333333,2.0,2.0,20.0,3.0,1.0,11.0,6.0,1.55482991732,3.71137147362,1105.0,13.774278215199999,21.560802438299998,120.40784313700001,112.0,23.0,1257.0,84.0,1.0,361.0,134.0,4.0978741672900005,169.783692681,30704.0,28826.5023004,5.314320175390001,47.262745098,17.0,12.0,323.0,23.0,1.0,166.0,61.0,2.140818736,54.98451450140001,12052.0,3023.29683495,23.6141144842,5.94117647059,0.0,1.0,91.0,2.0,0.0,27.0,5.0,4.14591192848,10.4036860607,1515.0,108.23668365,94.3141361173,0.0470588235294,0.0,0.0,4.0,0.0,0.0,0.0,0.0,9.235514390239999,0.340421774737,12.0,0.115886984715,20.4359435648,6.43921568627,2.0,2.0,59.0,5.0,1.0,18.0,9.0,3.24833492649,6.19779229272,1642.0,38.4126293037,23.613319573600002,5.43529411765,0.0,0.0,89.0,2.0,0.0,27.0,5.0,4.2067861371,10.318678567200001,1386.0,106.475127374,21.8237233743,6.188235294119999,1.0,2.0,59.0,5.0,0.0,18.0,9.0,3.24846277182,6.08954335005,1578.0,37.0825382121,76.1107112089,27.137254902,20.0,6.0,577.0,16.0,1.0,90.0,28.0,7.4384479377699995,47.59723558100001,6920.0,2265.49683495,29.891944573000004,11.650980392200001,0.0,0.0,222.0,4.0,0.0,50.0,12.0,4.69054055788,23.7199820457,2971.0,562.637548248,1.0,0.00290257835418,26612.0,30704.0,2.0,255.0,205.0,255.0,1642.0,/home/se-metrics/root/Other_robo_proccessed/SPL_UPennalizers,Robcup-Other-Leagues,Robot,Robocup
14,30.0416239448,4.25307125307,0.0,0.0,108.0,1.0,0.0,21.0,3.0,4.99082001458,11.211022643900002,1731.0,125.68702872200001,17.6253176292,2.9277428122400004,1.0,1.0,24.0,2.0,1.0,8.0,3.59166666667,3.5856422790400004,3.05652118319,1191.59132458,9.34232174329,321.68679648200003,32.7675692161,1.0,5.829545454550001,3171.0,13.0,1.0,71.0,25.2724137931,17.1824578644,165.433374065,13336.400671,27368.2012546,57.181294917299994,1.63648800641,2.0,0.839743589744,18.5,1.375,0.0,3.5,2.0,5.25304064416,1.36776442385,666.050618611,1.87077951914,11.1803591002,5.16953316953,0.0,1.0,57.0,3.0,0.0,19.0,7.0,2.7529262632200004,6.94370434834,2104.0,48.2150300771,0.31,2.36619859962,0.47420147420100006,0.0,0.0,3.0,0.0,0.0,2.0,1.0,1.75095918724,0.802519302101,193.0,0.6440372302440001,21.782755591,3.81572481572,1.0,1.0,47.0,2.0,1.0,14.0,5.0,4.0237374268699995,5.23138957163,1553.0,27.3674368502,112.55829117299999,216.727272727,4.0,15.0,8770.0,67.0,1.0,770.0,208.5,9.37224398654,611.740979845,88208.0,374227.02642199997,109.971424285,88.4914004914,1.0,9.0,3171.0,29.0,1.0,285.0,88.0,9.60605973112,252.76264553,36016.0,63888.954975099994,21.636791331399998,8.9484029484,0.0,1.0,116.0,5.0,0.0,29.0,11.0,4.0009863374400005,13.758107011,3642.0,189.28550852700002,77.2740709264,0.265356265356,0.0,0.0,20.0,0.0,0.0,1.0,0.0,8.36074122838,1.6869110162399998,108.0,2.8456687767,20.1003520174,8.28501228501,1.0,2.0,92.0,5.0,1.0,26.0,10.0,3.7002934715300007,10.4305040726,3372.0,108.795415209,33.8775727165,5.29975429975,0.0,0.0,116.0,2.0,0.0,22.0,4.0,5.21360049285,12.602235118800001,2157.0,158.816329989,29.4616319889,7.2113022113,1.0,2.0,92.0,5.0,0.0,23.0,10.0,4.4241072706199995,9.05862515393,2935.0,82.05868967939999,54.2708251138,50.3144963145,1.0,8.0,1145.0,21.0,1.0,206.0,50.5,5.88602528304,91.93451493129999,20478.0,8451.95503564,109.67581466200001,25.6511056511,0.0,1.0,1155.0,5.0,0.0,90.0,19.5,9.595026220589999,87.95199173280001,10440.0,7735.55284976,13.0,0.0104755449583,78460.0,88208.0,6.692307692309999,407.0,329.0,407.0,3372.0,/home/se-metrics/root/Other_robo_proccessed/aibo_CMPack04_Release,Robcup-Other-Leagues,Robot,Robocup
15,19.9241492715,1.82421875,0.0,0.0,34.0,0.0,0.0,10.0,1.0,4.10280556754,4.54221585544,467.0,20.6317248775,9.442267798689999,2.2453427497400003,1.0,1.0,14.125,1.14285714286,1.0,6.92,3.0,2.7777464434599994,2.16258869223,574.807743933,4.67678985176,5.1714342339899995,12.5929546165,1.0,3.0,89.0,6.442307692309999,1.0,42.3846153846,18.1,2.0751994720099995,14.548726990899999,3223.79638184,211.66545705599998,6.44707647426,1.34289004105,2.0,0.666666666667,7.0,1.1833333333299998,0.0,3.0,1.9446808510599998,1.80933709313,1.0031702725700002,343.77985051,1.00635059577,6.1308531121500005,2.00390625,0.0,0.0,19.0,1.0,0.0,8.0,3.0,2.10705226474,2.82078844057,513.0,7.9568474264699995,0.03,-0.000776161632844,0.46875,0.0,0.0,2.0,0.0,0.0,2.0,1.0,1.08201051661,0.656042801091,120.0,0.43039215686300003,71.33589822409999,4.42578125,1.0,1.0,80.0,3.0,1.0,11.0,5.0,7.67493275288,7.314929628210001,1133.0,53.5081954657,12.9264497368,83.140625,10.0,10.0,1054.0,25.0,1.0,411.0,70.75,3.36603797792,152.63876280899999,21284.0,23298.5919118,18.9601430285,33.08984375,3.0,5.0,456.0,11.0,1.0,139.0,33.0,3.76850332131,55.312833443100004,8471.0,3059.5095435,45.3387940055,4.81640625,0.0,0.0,105.0,2.0,0.0,19.0,5.0,5.69553641957,9.96786426546,1233.0,99.35831801469999,67.61377680560001,0.23046875,0.0,0.0,15.0,0.0,0.0,0.0,0.0,7.98106913255,1.5177412832700001,59.0,2.3035386029400002,44.732810097299996,6.1171875,2.0,2.0,80.0,4.0,1.0,14.0,7.0,5.85131277403,8.10434024967,1566.0,65.6803308824,168.097318078,1.70703125,0.0,0.0,105.0,0.0,0.0,8.0,1.0,11.9851879007,7.1972291356,437.0,51.8001072304,52.9445223795,4.73046875,2.0,2.0,77.0,3.0,0.0,13.0,6.0,6.5418781910599995,7.570428108119999,1211.0,57.311381740200005,27.0822605353,19.62109375,3.0,4.0,294.0,10.0,1.0,80.0,19.0,4.48461872716,32.7796114354,5023.0,1074.50292586,38.976613065500004,9.4375,0.0,0.0,228.0,2.0,0.0,44.0,9.0,5.633390789780001,23.9023339577,2416.0,571.3215686269999,10.0,0.007153799019609999,36006.0,21284.0,4.0,256.0,177.0,256.0,1566.0,/home/se-metrics/root/Other_robo_proccessed/SPL_rUNSWift-2010-release,Robcup-Other-Leagues,Robot,Robocup
16,9.51343706156,2.0820895522400003,0.0,0.0,19.0,1.0,0.0,8.0,2.0,2.8335069519,3.25610706134,279.0,10.6022331949,44.595971142299994,2.5643889597,1.0,1.0,52.5,1.3038461538500001,1.0,5.3125,1.7375,6.379010729909999,5.9918654434,343.62812060000005,35.9024514918,87.07067787,16.5427531652,7.0,4.78947368421,493.0,7.0,1.0,51.0,12.336538461500002,8.776293887949999,46.2282714043,2216.72892413,2137.05307703,2.7498427842299997,1.35313978296,0.0,0.7625,5.5,1.14642857143,0.0,3.0,1.9615384615400002,1.2894420294600002,1.0192210315799999,181.32073091599997,1.03881151121,13.811233456199998,2.16417910448,0.0,0.0,24.0,1.0,0.0,10.0,2.0,3.39216792762,3.6771884279400004,290.0,13.5217147346,0.12,1.6169035803,0.313432835821,0.0,0.0,2.0,0.0,0.0,1.0,1.0,1.59158574939,0.554108515848,42.0,0.307036247335,38.162974013,6.11940298507,1.0,1.25,96.0,3.0,1.0,24.0,5.0,5.21618871224,10.6651317023,820.0,113.745034227,16.999446956,162.582089552,4.0,18.25,2197.0,37.5,2.0,966.0,149.0,3.80417430475,319.190359647,21786.0,101882.485692,26.485456482199996,43.3880597015,7.0,8.0,650.0,13.0,1.0,180.0,39.5,4.72151897426,90.1915180687,5814.0,8134.50993155,19.3188553804,6.305970149249999,2.0,1.0,85.0,3.0,0.0,33.0,5.75,3.9027848761699997,11.392008550999998,845.0,129.777858826,39.8975730763,0.23880597014899999,0.0,0.0,10.0,0.0,0.0,1.0,0.0,6.0956370602600005,1.22737634771,32.0,1.50645269891,9.42612372456,12.5970149254,3.0,3.0,108.0,5.0,1.0,50.0,18.75,2.69164267893,16.9271412626,1688.0,286.528111323,42.2543230476,3.71641791045,0.0,0.0,85.0,1.0,0.0,19.0,3.0,5.78464688153,9.519755430850001,498.0,90.6257434631,11.5807015448,11.5671641791,3.0,3.0,108.0,5.0,1.0,44.0,16.0,2.8914846382599997,15.7157302363,1550.0,246.98417686,11.859214686300001,44.291044776099994,3.0,4.0,483.0,16.5,1.0,224.0,42.0,3.3301374362700003,81.1144021428,5935.0,6579.54623499,102.839456461,19.6119402985,0.0,0.0,960.0,2.0,0.0,72.0,8.75,9.67057331668,87.36053637090001,2628.0,7631.8633150000005,5.0,0.0156548086634,22877.0,21786.0,5.0,134.0,116.0,134.0,1688.0,/home/se-metrics/root/Other_robo_proccessed/3Dsim_utaustinvilla3d,Robcup-Other-Leagues,Robot,Robocup
19,115.69206029200001,1.56511627907,0.0,0.0,92.0,0.0,0.0,7.0,1.0,8.876154103160001,5.33917730605,1346.0,28.5068143054,205.249105263,2.04755188919,1.0,1.0,66.0,1.0,1.0,6.0,2.0,12.510014076600001,3.5287920865400006,1760.89462471,12.45237359,86.35410671780001,12.5429442035,1.0,2.70238095238,380.0,5.0,1.0,42.0,12.666666666700001,8.09943534278,26.9526272647,10786.932015,726.444116471,14.579288936800001,1.50282252685,1.0,0.9191666666670001,12.0,1.25,0.0,3.5,2.0,2.8991556809599994,1.2095558046,1292.42737309,1.4630252444499998,28.5211725337,1.67441860465,0.0,0.0,35.0,1.0,0.0,7.0,2.0,4.37301106626,3.06674627631,1440.0,9.404932723289999,0.02,0.9843247651549999,0.36976744186,0.0,0.0,2.0,0.0,0.0,2.0,1.0,1.5619631946299999,0.670702335035,318.0,0.44984162222199997,184.914145934,4.090697674419999,1.0,1.0,177.0,2.0,1.0,11.0,4.0,11.1593045033,8.820478710449999,3518.0,77.8008446815,70.63320979939999,76.0255813953,4.0,6.0,2885.0,15.0,1.0,317.0,55.0,7.27325520072,209.92722126299998,65382.0,44069.4382273,60.2409291869,28.955813953499998,4.0,4.0,966.0,7.0,1.0,112.0,24.25,6.34396505968,66.7401640731,24902.0,4454.2495005,130.186789734,3.4651162790699996,0.0,0.0,170.0,1.0,0.0,13.0,3.0,9.359002808969999,9.51342128276,2980.0,90.5051845033,125.278316082,0.201162790698,0.0,0.0,22.0,0.0,0.0,0.0,0.0,10.6205832755,1.49823288895,173.0,2.2447017895299997,88.7968994058,6.16046511628,1.0,1.0,177.0,3.0,1.0,23.0,7.0,7.4950760789499995,10.86438017,5298.0,118.034756477,380.832565897,1.57790697674,0.0,0.0,170.0,0.0,0.0,7.0,1.0,17.0805402519,7.0807565409899995,1357.0,50.137113192700006,107.030135376,5.43488372093,1.0,1.0,173.0,3.0,0.0,20.0,6.0,8.22949094975,10.079506606,4674.0,101.596453421,52.945636047,19.026744186,1.0,2.0,510.0,6.0,1.0,80.0,18.0,6.09577602763,40.1204296645,16363.0,1609.64887647,159.447765991,9.28604651163,0.0,0.0,696.0,1.0,0.0,29.0,6.0,11.4437405645,40.7362914308,7986.0,1659.44543953,21.0,0.0018220212794800002,75899.0,65382.0,4.52380952381,860.0,482.0,860.0,5298.0,/home/se-metrics/root/Other_robo_proccessed/SPL_rUNSWift-2017-release,Robcup-Other-Leagues,Robot,Robocup
20,38.8686979377,3.38372093023,0.0,0.0,80.0,1.0,0.0,15.0,3.0,5.52069590238,8.145326804169999,873.0,66.3463487467,170.140108837,3.28617461015,1.0,1.0,84.0,2.10555555556,1.0,8.75,4.0,11.9164866574,5.59124400485,847.8330494180001,31.2620095218,48.8235032669,30.686941581,1.0,7.0,709.0,16.5833333333,1.0,76.5,28.5,6.48884660466,69.9813940481,7917.2309279,4897.39551292,2.64039481944,1.5636503925799998,2.0,0.839285714286,6.0,1.33333333333,0.0,3.5714285714300003,2.0,1.2978187541500001,1.06078238175,403.421801286,1.1252592614299999,12.7184865048,5.29069767442,0.0,1.0,50.0,3.0,0.0,19.0,7.0,2.9491638389099997,7.0939217897899995,1365.0,50.3237263596,0.17,6.436552815980001,0.209302325581,0.0,0.0,3.0,0.0,0.0,1.0,0.0,2.3036438873900003,0.45282371493100004,54.0,0.205049316804,18.675409858,3.45348837209,1.0,1.0,37.0,2.0,1.0,13.0,3.0,3.8578637748199998,4.83902016823,891.0,23.4161161886,56.4529189717,204.550387597,4.0,18.0,4989.0,64.5,1.0,709.0,200.75,6.81891491637,507.041084011,52774.0,257090.660875,26.6479734802,83.62015503880001,1.0,11.0,1269.0,35.0,1.0,257.0,87.5,4.7821007051599995,162.902429263,21574.0,26537.2014599,20.603063830099998,7.65891472868,0.0,1.0,103.0,4.0,0.0,28.0,9.0,3.91872350083,12.403398633,1976.0,153.84429765,69.2026301157,0.143410852713,0.0,0.0,9.0,0.0,0.0,0.0,0.0,8.05491734288,0.932954385283,37.0,0.870403885018,18.5927169066,7.240310077519999,1.0,2.0,76.0,4.0,1.0,23.0,9.0,3.58985370427,8.927093542989999,1868.0,79.69299912529999,44.1058420619,4.104651162790001,0.0,0.0,103.0,1.0,0.0,17.0,4.0,6.05628548602,10.6606981066,1059.0,113.650484119,29.986531603200003,6.30620155039,1.0,2.0,76.0,4.0,1.0,19.0,8.0,4.47698786605,7.80272577274,1627.0,60.8825294845,43.928001605,47.604651162799996,4.0,8.0,919.0,20.5,1.0,190.0,50.75,5.62410798857,88.05564376299999,12282.0,7753.79639852,123.067882092,24.6007751938,0.0,1.0,1400.0,4.0,0.0,72.0,16.0,10.3870861234,105.729886366,6347.0,11178.808871,7.0,0.013166229300500001,69052.0,52774.0,4.42857142857,258.0,197.0,258.0,1868.0,/home/se-metrics/root/Other_robo_proccessed/aibo_CMPack03_Release,Robcup-Other-Leagues,Robot,Robocup
374,155.980623997,2.7705992509400006,0,0.0,206.0,1.0,0.0,10,2.0,10.6629312597,9.6205185104,5918.0,92.5543764089,66.8832415321,2.03455105944,1,1.0,40.0,1.0,1.0,5.9375,2.0,6.51820214114,2.55307859346,4345.80106296,6.51821030436,148.88601575799998,16.7217527532,1,3.0,756.666666667,7.0,1.0,61.5517241379,17.6666666667,9.24454192082,33.8073109331,35717.663880800006,1142.93427252,22.346114702199998,1.5307876877700002,1,0.833333333333,15.333333333299999,1.16666666667,0.0,3.81818181818,2.0,3.36959301105,1.3613685815,3269.76250108,1.85332441469,209.266383518,3.4765917603,0,0.0,179.0,1.0,0.0,13,4.0,9.99159873487,6.87032206916,7426.0,47.201325333999996,0.20,5.685358405,0.433988764045,0,0.0,5.0,0.0,0.0,2,1.0,2.29030888972,0.8310971320880001,927.0,0.690722442965,276.812658688,5.95224719101,1,1.0,410.0,2.0,1.0,21,5.0,13.949585799300001,16.3822764974,12714.0,268.378983238,226.947983002,155.111891386,1,8.0,11025.0,29.5,1.0,689,133.0,12.582510248299998,481.09247664099996,331319.0,231449.971081,103.579888015,48.939138576800005,1,4.0,2021.0,13.0,1.0,215,49.0,7.707110153360001,107.84628684799999,104534.0,11630.8215869,1131.10541888,5.333801498130001,0,0.0,1068.0,2.0,0.0,17,5.0,29.863095714299998,27.0038508793,11393.0,729.20796231,312.840848289,0.26264044943799997,0,0.0,43.0,0.0,0.0,1,0.0,15.5055623122,1.67774504458,561.0,2.8148284346,162.360523612,10.3155430712,1,2.0,497.0,4.0,1.0,39,11.0,10.3752891102,23.4855012723,22034.0,551.568770009,1162.00502765,4.17088014981,0,0.0,1068.0,0.0,0.0,15,3.0,30.4705529844,26.852940028400003,8909.0,721.0803881710001,175.126243413,9.659176029960001,1,1.0,497.0,3.0,0.0,36,10.0,10.889411472699999,23.0711949743,20632.0,532.280037541,485.735959936,41.9901685393,1,3.0,4415.0,11.0,1.0,167,38.0,17.9914703971,139.484962287,89691.0,19456.0547042,980.572749768,36.8965355805,0,0.0,11514.0,2.0,0.0,108,14.0,28.253988520900002,305.21820054799997,78811.0,93158.1499458,142.0,0.00129770456718,,331319.0,11.0070422535,2136.0,1362.0,2136.0,22034.0,bullet3-master,Robot-Simulation,non-agent,git-hub
375,-1.5681818181799998,0.33333333333299997,0,0.0,1.0,0.0,0.0,1,1.0,0.7551476239020001,0.481543412343,8.0,0.231884057971,1.8063829812999999,1.95543345543,1,1.0,5.5,1.2857142857100001,1.0,5,2.56944444444,1.51427403682,1.29720798747,46.9304029304,1.68274856275,1.9857509226199999,12.7481748575,1,4.375,47.25,8.5,1.0,31.8888888889,19.125,1.3723446919100002,11.573518001099998,305.956196581,133.94631892200002,2.15341321365,1.1017183048399999,0,0.486111111111,4.0,1.0,0.0,2.33333333333,1.75,1.2232790386299999,0.955394249935,26.441239316199997,0.912778172809,-1.5681818181799998,0.33333333333299997,0,0.0,1.0,0.0,0.0,1,1.0,0.7551476239020001,0.481543412343,8.0,0.231884057971,0.06,-1.8585858585900004,0.375,0,0.0,1.0,0.0,0.0,1,1.0,0.551481850476,0.49453535504699997,9.0,0.244565217391,-0.7965367965369999,1.75,1,1.0,4.0,1.0,1.0,3,3.0,0.8456055040639999,0.9890707100939999,42.0,0.9782608695649999,2.55876575374,59.4583333333,1,5.75,287.0,24.5,1.0,201,80.25,1.7092144227300001,75.8516740044,1427.0,5753.47644928,2.31584796176,31.0,1,5.75,141.0,12.0,1.0,118,48.25,1.6765600694999998,38.356451755900004,744.0,1471.2173913,0.22477606027199998,3.91666666667,0,0.0,15.0,3.0,0.0,11,6.5,0.9737037125700001,4.31293974864,94.0,18.6014492754,0.0,0.0,0,0.0,0.0,0.0,0.0,0,0.0,0.0,0.0,0.0,0.0,0.5072381856279999,3.875,1,1.0,13.0,2.5,1.0,9,6.25,1.09299301941,3.41750608282,93.0,11.679347826099999,16.6897991549,0.75,0,0.0,10.0,0.0,0.0,3,0.0,3.91191053893,2.13154363335,18.0,4.54347826087,9.30321955817,2.58333333333,1,1.0,13.0,2.0,0.0,7,3.0,2.77994150941,2.7173623186900002,62.0,7.384057971010001,0.9576592748010001,12.833333333299999,1,1.0,51.0,7.0,1.0,39,18.25,1.29805436838,14.3183271632,308.0,205.014492754,1.57449820338,0.708333333333,0,0.0,4.0,0.0,0.0,3,1.0,1.61573613893,1.19706767331,17.0,1.43297101449,0.0,0.0144927536232,,1427.0,0.0,24.0,15.0,24.0,93.0,robotx_packages-master,Robot-Simulation,non-agent,git-hub
376,0.0,1.33333333333,1,1.0,2.0,1.0,1.0,2,1.5,0.0,0.57735026919,4.0,0.33333333333299997,0.0,1.79376498801,None,1.5,2.38129496403,2.0,1.0,2.38129496403,2.1906474820099997,0.0,0.713367790513,5.38129496403,0.508893604541,0.0,20.3782385856,None,18.0098039216,25.115107913699998,18.3333333333,17.6862745098,25.1151079137,21.7242206235,0.0,4.11498718755,61.134715756800006,16.9331195537,0.0,1.1766586730600002,1.33333333333,1.09832134293,1.33333333333,1.33333333333,0.863309352518,1.33333333333,1.33333333333,0.0,0.271368471849,3.5299760191800003,0.0736408475138,0.0,2.0,2,2.0,2.0,2.0,2.0,2,2.0,0.0,0.0,6.0,0.0,1.00,0.0,0.0,0,0.0,0.0,0.0,0.0,0,0.0,0.0,0.0,0.0,0.0,0.0,2.33333333333,1,1.0,5.0,1.0,1.0,5,3.0,0.0,2.30940107676,7.0,5.33333333333,0.0,1629.33333333,None,698.5,3491.0,902.0,495.0,3491,2196.5,0.0,1625.04287123,4888.0,2640764.33333,0.0,201.33333333299998,None,32.0,540.0,34.0,30.0,540,287.0,0.0,293.300755767,604.0,86025.3333333,0.0,98.3333333333,None,41.0,213.0,53.0,29.0,213,133.0,0.0,100.02666311200001,295.0,10005.3333333,0.0,0.0,0,0.0,0.0,0.0,0.0,0,0.0,0.0,0.0,0.0,0.0,0.0,72.3333333333,None,39.0,139.0,51.0,27.0,139,95.0,0.0,58.9689183667,217.0,3477.33333333,0.0,98.3333333333,None,41.0,213.0,53.0,29.0,213,133.0,0.0,100.02666311200001,295.0,10005.3333333,0.0,72.3333333333,None,39.0,139.0,51.0,27.0,139,95.0,0.0,58.9689183667,217.0,3477.33333333,0.0,472.33333333300004,None,169.0,1079.0,221.0,117.0,1079,650.0,0.0,527.955806231,1417.0,278737.333333,0.0,4.66666666667,2,2.0,10.0,2.0,2.0,10,6.0,0.0,4.61880215352,14.0,21.3333333333,0.0,0.666666666667,,4888.0,0.0,3.0,3.0,3.0,217.0,zbik3d-master,Robot-Simulation,non-agent,git-hub
377,3.0345872914200003,0.3125,0,0.0,2.0,0.0,0.0,2,0.25,1.8900005759799998,0.60207972894,5.0,0.3625,2.21405798838,2.26219769814,1,1.17307692308,5.27272727273,2.45,1.0,5.27272727273,2.53125,1.08721598981,1.1266859099700002,36.1951631702,1.26942113973,0.273254016261,18.2925189394,21,13.125,38.3636363636,17.75,1.0,38.3636363636,21.0,0.371194727666,9.7652819375,292.68030303,95.3607313189,-0.246071674527,1.1727454836799998,0.875,0.875,2.0,0.95,0.769230769231,2,1.5,1.0565710915000002,0.42104313787000003,18.7639277389,0.177277323947,1.58042335736,0.375,0,0.0,2.0,0.0,0.0,2,1.0,1.50479413619,0.619139187367,6.0,0.383333333333,0.09,-2.3076923076900004,0.5,1,0.0,1.0,0.5,0.0,1,1.0,0.0,0.516397779494,8.0,0.266666666667,-1.5695337320700002,2.1875,1,1.0,4.0,2.0,1.0,4,3.0,0.344557627272,1.22304265393,35.0,1.49583333333,0.590903259406,145.375,168,27.75,422.0,154.5,1.0,422,172.25,0.9503397970290001,128.851270851,2326.0,16602.65,0.594673476121,67.0,82,20.5,189.0,72.5,1.0,189,87.25,0.692331104468,51.2497154464,1072.0,2626.53333333,2.5563283055,15.375,9,7.25,58.0,10.0,0.0,58,19.0,1.60830077799,15.6071564781,246.0,243.58333333299998,0.0,0.0,0,0.0,0.0,0.0,0.0,0,0.0,0.0,0.0,0.0,0.0,-1.4207896002399998,6.5,8,2.0,13.0,8.0,1.0,13,8.5,-0.134640386551,4.17931413831,104.0,17.4666666667,10.2034776357,3.6875,0,0.0,34.0,0.0,0.0,34,1.25,3.0809390636400003,8.83718469499,59.0,78.09583333329999,-1.94154152467,4.375,7,2.0,8.0,4.0,1.0,8,7.0,-0.0166019801863,2.70493376382,70.0,7.31666666667,6.69331727329,37.0,29,4.75,187.0,29.0,1.0,187,39.75,2.4031082408099995,47.38635527939999,592.0,2245.46666667,1.27995229736,0.8125,0,0.0,4.0,0.0,0.0,4,1.0,1.66158576905,1.47054411699,13.0,2.1625,0.0,0.020833333333299998,,2326.0,0.0,16.0,14.0,16.0,104.0,baxter_simulator-master,Robot-Simulation,non-agent,git-hub
378,0.233333648768,1.18918918919,0,0.0,5.0,1.0,0.0,4,2.0,1.08779538698,1.41102480169,44.0,1.99099099099,3.7337650360500003,1.60587925588,1,1.0,4.5,1.2857142857100001,1.0,3.85714285714,2.0,1.8833439643599998,0.844300189792,59.4175324675,0.712842810484,6.25671109104,8.61567119067,1,4.33333333333,39.7142857143,6.5,1.0,29.3333333333,10.0,2.3203455440900003,8.02962425355,318.779834055,64.47486565310001,5.43208200727,1.0831022581,1,0.666666666667,3.4,1.0,0.33333333333299997,3.2,1.25,2.20638591847,0.664003788689,40.0747835498,0.440901031393,1.8721082853,0.972972972973,0,0.0,5.0,0.0,0.0,5,1.0,1.6895379054100002,1.55432168997,36.0,2.41591591592,0.07,2.32749339866,0.27027027027,0,0.0,2.0,0.0,0.0,1,0.0,1.7298013646500001,0.508191163105,10.0,0.25825825825800003,4.37581427436,2.7027027027,3,1.0,9.0,2.0,1.0,8,3.0,1.8918645826099998,1.82368468377,100.0,3.32582582583,27.9896308393,51.729729729700004,28,14.0,556.0,29.0,3.0,120,58.0,5.01682968274,90.80585169860001,1914.0,8245.7027027,28.2700830954,19.891891891900002,1,6.0,223.0,10.0,1.0,55,22.0,5.0615370102599995,36.4956495001,736.0,1331.93243243,16.3035611755,3.02702702703,2,1.0,25.0,2.0,0.0,11,3.0,3.67543818739,4.48135945697,112.0,20.0825825826,4.30045714286,0.24324324324299998,0,0.0,2.0,0.0,0.0,2,0.0,2.24453937368,0.5479966243509999,9.0,0.3003003003,0.846476354155,5.40540540541,4,3.0,14.0,5.0,1.0,11,7.0,0.8343061101929999,2.91985025738,200.0,8.52552552553,0.0,0.0,0,0.0,0.0,0.0,0.0,0,0.0,0.0,0.0,0.0,0.0,-0.49632296793999997,4.783783783780001,3,3.0,10.0,4.0,1.0,10,7.0,0.393300675687,2.46232878858,177.0,6.0630630630599995,27.3145534662,18.6756756757,15,6.0,181.0,13.0,1.0,44,20.0,4.93472600314,29.3939279955,691.0,864.003003003,5.6522344064,2.1891891891900004,0,0.0,16.0,0.0,0.0,15,3.0,2.3909631151700004,3.9779799301099996,81.0,15.824324324300001,5.0,0.033033033032999995,,1914.0,5.0,37.0,30.0,37.0,200.0,ase_exploration-master,Robot-Simulation,non-agent,git-hub
381,7.13540164718,0.8,0,0.0,8.0,0.0,0.0,4,1.0,2.6018401148400003,1.5345483732,100.0,2.35483870968,13.2323772442,3.88263981539,1,1.44444444444,32.0,2.0,1.0,12,3.88888888889,3.42143055672,4.9520570239,485.329976924,24.522868768000002,12.9364675011,33.3857251471,21,10.2,289.0,18.363636363599998,1.0,120,43.0,3.17317926923,42.8567865374,4173.21564339,1836.70415232,2.3781728945,1.33747565207,2,0.666666666667,5.04545454545,1.16666666667,0.0,2,2.0,0.9290333873909999,0.8067288662469999,167.18445650799998,0.650811463637,6.14572394648,0.816,0,0.0,8.0,0.0,0.0,4,1.0,2.3805196447599997,1.47770528294,102.0,2.18361290323,0.03,-1.4881067801899999,0.46399999999999997,0,0.0,2.0,0.0,0.0,1,1.0,0.324303664857,0.5165643325639999,58.0,0.266838709677,46.7154280232,3.048,1,1.0,38.0,2.0,1.0,9,3.0,5.86942514419,4.01580747514,381.0,16.1267096774,23.5108295819,113.024,21,29.0,1256.0,68.0,3.0,396,127.0,4.2166099957,159.585828055,14128.0,25467.6365161,10.1125678485,56.776,18,18.0,418.0,40.0,1.0,195,73.0,2.7997711005699997,64.418849175,7097.0,4149.78812903,10.805317828900002,6.312,0,0.0,75.0,1.0,0.0,41,5.0,3.1861170489,12.9043728522,789.0,166.52283871,83.4932113341,0.024,0,0.0,2.0,0.0,0.0,0,0.0,8.941227001189999,0.199353794757,3.0,0.0397419354839,7.563672585499999,5.4879999999999995,1,1.0,38.0,3.0,1.0,18,9.0,2.3022874190900002,6.02363088446,686.0,36.2841290323,49.2908303596,1.248,0,0.0,31.0,0.0,0.0,5,1.0,6.2690853424199995,3.40932308105,156.0,11.623483871,3.7553207616300006,4.832,1,1.0,26.0,3.0,1.0,14,9.0,1.7665515798500002,4.94116350409,604.0,24.415096774200002,14.0843705375,20.16,1,2.0,219.0,8.0,1.0,86,25.0,3.40503850542,33.3728690271,2520.0,1113.7483871,18.798799632799998,4.288,0,0.0,78.0,0.0,0.0,27,3.0,4.2807097906300005,13.0981505712,536.0,171.56154838700002,1.0,0.006451612903229999,,14128.0,7.0,125.0,78.0,125.0,686.0,vizzy-master,Robot-Simulation,non-agent,git-hub
383,36.053745572800004,1.1860465116299999,0,0.0,17.0,1.0,0.0,4,1.0,5.215642295,2.1283057493,102.0,4.5296853625199995,9.265681988119999,2.6454055126,1,1.0,17.2222222222,1.26136363636,1.0,10,2.84375,2.94832297174,3.1272075694300003,227.504874083,9.77942718229,7.6485355875600005,19.6917305777,2,3.375,141.0,9.990566037739999,1.0,78,22.4375,2.66361041205,27.3781749484,1693.48882969,749.564463504,7.6289576529,1.30927681987,2,0.75,6.3,1.2,0.0,2.85416666667,2.0,1.7262388184400002,0.9521926151890001,112.597806509,0.90667077642,4.44767183977,2.1511627907,0,0.0,14.0,1.0,0.0,9,4.0,2.03284762538,3.06600887095,185.0,9.40041039672,0.05,17.6259655346,0.046511627906999996,0,0.0,1.0,0.0,0.0,0,0.0,4.38366222748,0.21182549667,4.0,0.04487004103969999,11.737819784700001,6.04651162791,1,1.0,48.0,3.0,1.0,22,7.0,3.1468049370399997,8.41274520033,520.0,70.7742818057,6.16157374738,162.558139535,10,15.25,1187.0,49.5,1.0,610,149.25,2.48523018854,260.18362767400004,13980.0,67695.5201094,27.026992956399997,60.1860465116,6,7.0,791.0,22.0,1.0,246,66.0,4.48325455024,105.60676355700001,5176.0,11152.788508900001,11.157091504,8.55813953488,0,1.0,75.0,4.0,0.0,33,11.0,2.92551298273,12.2316894616,736.0,149.614227086,0.0,0.0,0,0.0,0.0,0.0,0.0,0,0.0,0.0,0.0,0.0,0.0,4.07766018242,9.94186046512,2,2.0,53.0,6.0,1.0,38,11.75,2.01686376444,11.0638304729,855.0,122.40834473299999,5.2811562291400005,5.88372093023,0,0.0,40.0,3.0,0.0,23,8.0,2.15924542832,7.8686550232000005,506.0,61.9157318741,4.49698085131,9.58139534884,2,2.0,53.0,5.5,1.0,38,11.0,2.10847856933,10.9935436842,824.0,120.858002736,2.64390619615,34.372093023299996,2,6.25,196.0,19.0,1.0,121,48.75,1.71196416949,41.0334286998,2956.0,1683.74227086,17.5863642068,14.2325581395,0,0.0,225.0,2.0,0.0,90,8.75,4.05638473132,37.7828701985,1224.0,1427.54528044,0.0,0.0139534883721,,13980.0,0.0,86.0,70.0,86.0,855.0,simatch-master,Robot-Simulation,non-agent,git-hub
384,15.2952485068,2.82969432314,0,0.0,45.0,1.0,0.0,17,2.0,3.75713677071,6.687366354990001,648.0,44.7208687658,1.34829233786,2.07733300759,1,1.0,6.666666666669999,1.6666666666699999,1.0,4.625,2.6521739130400004,1.3494498715,1.2162899465,475.709258738,1.4793612339500002,2.74551107395,14.8811650551,1,5.0,77.0,11.538461538499998,1.0,40,22.6363636364,1.4249411765600002,12.454651141500001,3407.78679762,155.118335056,3.53176542176,0.969235506108,1,0.5,3.8,1.0,0.0,2.11111111111,1.16666666667,1.4626114930899998,0.6314024104029999,221.954930899,0.39866900386299997,1.9692241076900003,2.3537117903900002,0,0.0,14.0,1.0,0.0,8,4.0,1.45214631803,2.6592682552599998,539.0,7.071707653410001,0.08,1.03459689423,1.2489082969399998,1,0.0,5.0,1.0,0.0,4,2.0,1.14148493301,1.1371174449700001,286.0,1.29303608366,3.1198949997400005,2.70742358079,1,1.0,13.0,2.0,1.0,8,3.0,1.82380540595,2.34838259002,620.0,5.51490078909,13.5509518335,136.467248908,27,21.0,1447.0,61.0,1.0,584,161.0,3.44176155829,223.930430577,31251.0,50144.8377385,2.6438651437200003,45.432314410500005,1,9.0,263.0,31.0,1.0,140,71.0,1.52989073898,46.336687411999996,10404.0,2147.08860032,5.06194310046,9.17467248908,0,1.0,73.0,5.0,0.0,36,11.0,2.16061799584,12.438094621300001,2101.0,154.706197809,38.2933594611,0.423580786026,0,0.0,15.0,0.0,0.0,3,0.0,5.753128800880001,1.6568738580200002,97.0,2.74523098138,10.0068551733,8.917030567689999,2,2.0,68.0,6.0,1.0,33,10.0,2.97362926008,11.1255639677,2042.0,123.7781736,17.7067785384,1.4323144104799999,0,0.0,28.0,0.0,0.0,9,0.0,4.03995988367,4.16133037588,328.0,17.3166704972,20.6605052924,6.5021834061099995,2,2.0,65.0,4.0,0.0,21,8.0,3.9066769464399997,8.213502177439999,1489.0,67.4616180188,10.5123798437,45.3799126638,6,7.0,431.0,19.0,1.0,228,48.0,3.1492253871099996,72.27560396189999,10392.0,5223.76292806,10.6460076917,6.74672489083,0,0.0,72.0,3.0,0.0,32,8.0,3.1172665305900003,11.7210468299,1545.0,137.382938788,10.0,0.0124109400138,,31251.0,7.7,229.0,188.0,229.0,2042.0,Robot-Overlord-App-master,Robot-Simulation,non-agent,git-hub
385,301.153733842,2.51582771147,0,0.0,475.0,0.0,0.0,6,1.0,16.6910475992,22.7488119719,4848.0,517.508446134,67.7511783258,1.7516776888299999,1,1.0,43.0,1.0,1.0,4.25,1.3944444444400002,7.27789119673,2.7468066179500004,3375.48290638,7.544946596389999,452.44520108300003,13.1013290426,1,1.0,1579.0,3.0,1.0,55,7.0,17.1086335478,51.719778400600006,25246.2610651,2674.93547781,11.761859168900001,1.9770433146700002,2,1.0,15.2,1.875,0.0,5,2.0,2.91637034249,1.69079499435,3809.76246737,2.8587877129000003,302.24281203,1.36170212766,0,0.0,86.0,0.0,0.0,6,2.0,14.263637147799999,3.4620696228199996,2624.0,11.9859260732,0.05,0.6891950702770001,1.0882200311399999,0,0.0,7.0,0.0,0.0,5,2.0,1.44306247175,1.7998215261000001,2097.0,3.2393575258099996,224.340493468,5.07213284899,1,1.0,304.0,2.0,1.0,16,4.0,13.3926384727,14.7755265773,9774.0,218.31618563599997,88.0252465458,58.6569797613,1,3.0,2527.0,14.0,1.0,244,59.0,7.60552753613,141.46984359799998,113032.0,20013.7166478,160.215010955,26.052932018699998,1,1.0,1579.0,5.0,1.0,112,18.0,10.5602855484,81.8843199207,50204.0,6705.04184888,192.3203358,1.54436948625,0,0.0,84.0,0.0,0.0,6,2.0,10.6505803812,3.6423689706099998,2976.0,13.266851718,515.1660410659999,0.326414115205,0,0.0,101.0,0.0,0.0,1,0.0,21.7761307275,3.70482029486,629.0,13.7256934172,164.33717484299999,7.24130773223,1,1.0,304.0,3.0,1.0,24,8.0,10.8376159929,15.8612361434,13954.0,251.57881199599998,256.55779261099997,0.9195640892579999,0,0.0,84.0,0.0,0.0,5,0.0,13.051150476300002,3.41964063516,1772.0,11.693942073599999,174.552709803,6.8713025428100005,1,1.0,304.0,3.0,1.0,22,7.0,11.304401996600001,15.649259286500001,13241.0,244.899316215,148.996600852,16.8469122989,1,1.0,734.0,6.0,1.0,63,21.0,9.728414688760001,36.1345546971,32464.0,1305.70604316,218.591821671,9.178515827710001,0,0.0,870.0,0.0,0.0,40,6.0,12.3615010443,36.6192882132,17687.0,1340.97226924,40.0,0.00130624491769,,113032.0,9.3,1927.0,858.0,1927.0,13954.0,ReaK-master,Robot-Simulation,non-agent,git-hub
386,36.4677044889,2.34463276836,0,0.0,50.0,1.0,0.0,10,2.0,5.56949462655,6.009451552430001,415.0,36.113507960999996,15.3871590153,3.9242695387300004,1,1.0,32.0,2.5,1.0,12,4.86666666667,3.46363537547,4.60158028799,694.595708354,21.1745411468,17.6316639847,37.9055385976,1,9.72727272727,359.0,24.0,1.0,105,48.0,3.7526836319099997,50.4402265799,6709.28033178,2544.21645743,4.8236556009500005,2.05518352059,2,1.33333333333,8.37984496124,2.0,0.0,4.33333333333,2.5625,1.66395093568,1.2339359215299999,363.76748314400004,1.5225978584399997,1.61069619502,2.8079096045200003,0,0.0,15.0,2.0,0.0,10,5.0,1.3503947782499999,3.0835606323900002,497.0,9.5083461736,0.16,12.161299870799999,0.09039548022600001,0,0.0,2.0,0.0,0.0,1,0.0,3.4626051223900003,0.306683805153,16.0,0.09405495634310002,80.8787177641,4.27118644068,1,1.0,129.0,2.0,1.0,10,3.0,8.38689441173,11.6494691283,756.0,135.710130971,16.9222868922,215.604519774,5,27.0,2185.0,116.0,1.0,719,257.0,3.6318096908,317.240627023,38162.0,100641.615434,3.04723982242,84.3502824859,10,18.0,484.0,59.0,1.0,264,122.0,1.5910116756700001,84.95146617350001,14930.0,7216.75160503,10.615058704800001,4.99435028249,0,0.0,52.0,2.0,0.0,25,5.0,3.04024764703,8.723985467939999,884.0,76.1079224448,42.4819035311,0.0395480225989,0,0.0,2.0,0.0,0.0,0,0.0,6.22583193662,0.222628459365,7.0,0.0495634309194,36.351233536100004,8.14124293785,1,2.0,129.0,4.0,1.0,29,9.0,5.27993850782,13.914403289400001,1441.0,193.61061890099998,19.4634510402,1.69491525424,0,0.0,29.0,0.0,0.0,9,2.0,4.01264817341,3.89312142798,300.0,15.156394452999999,42.6707895569,7.38418079096,1,2.0,129.0,4.0,1.0,21,7.0,5.812729609169999,13.446416324300001,1307.0,180.80611196700002,9.907365803200001,33.1073446328,1,5.0,315.0,15.0,1.0,147,39.0,2.86774455145,49.15241604,5860.0,2415.96000257,77.2488363149,17.2146892655,0,0.0,804.0,2.0,0.0,36,9.0,8.53453834761,78.56655552229999,3047.0,6172.70364664,2.0,0.013321777093,,38162.0,32.0,177.0,112.0,177.0,1441.0,costar_stack-master,Robot-Simulation,non-agent,git-hub
387,10.970779415199999,0.45,0,0.0,4.0,0.0,0.0,1,1.0,3.07421645795,0.944513241388,9.0,0.892105263158,0.37805900794,2.09611832612,1,1.36666666667,4.5,1.875,1.0,3.71428571429,2.54166666667,0.943737738284,0.9780564808140001,41.9223665224,0.956594479662,1.01032037741,14.0092929293,10,8.1,36.3636363636,11.0555555556,1.0,30,17.125,1.08303834377,8.81062957627,280.185858586,77.6271935302,-0.843621186405,1.2779707792200001,1,0.75,2.5,1.0,0.666666666667,2.11111111111,1.78125,0.713923581963,0.5791592335310001,25.5594155844,0.335425417784,5.0867269984900005,0.6,0,0.0,4.0,0.0,0.0,2,1.0,2.15656820572,1.04629672756,12.0,1.09473684211,0.07,-1.71945701357,0.65,1,0.0,1.0,1.0,0.0,1,1.0,-0.6811611145540001,0.48936048493,13.0,0.23947368421100002,10.6056486046,2.2,1,1.0,9.0,2.0,1.0,4,2.25,2.96822331236,1.8238190122599998,44.0,3.32631578947,5.28879795244,120.3,16,40.0,540.0,97.5,1.0,400,133.5,2.24055953937,132.722543994,2406.0,17615.2736842,1.8256041796400002,41.7,18,18.0,140.0,31.0,1.0,92,56.75,1.29273968794,34.9903746163,834.0,1224.32631579,2.4896544033700003,6.05,5,1.75,23.0,5.0,0.0,18,8.25,1.57954534506,6.021671388890001,121.0,36.2605263158,0.0,0.0,0,0.0,0.0,0.0,0.0,0,0.0,0.0,0.0,0.0,0.0,0.0553982584601,7.35,4,4.0,18.0,6.0,1.0,16,9.25,0.8105697307080001,4.81527175819,147.0,23.186842105300002,5.73948255529,0.55,0,0.0,5.0,0.0,0.0,4,0.0,2.5782448273900003,1.4317821063299998,11.0,2.05,0.0945541717154,4.9,1,1.75,14.0,3.5,0.0,14,7.5,1.02564574064,4.2661458015400004,98.0,18.2,3.0636735114599998,28.45,9,9.0,106.0,19.0,1.0,105,29.75,1.8998157031099998,29.939368555,569.0,896.3657894739999,5.925672090319999,1.1,0,0.0,8.0,0.0,0.0,4,1.25,2.3661406084400003,2.0749128073,22.0,4.305263157890001,0.0,0.023684210526299997,,2406.0,0.0,20.0,18.0,20.0,147.0,sawyer_simulator-master,Robot-Simulation,non-agent,git-hub
389,21.4178503147,2.41747572816,0,0.0,46.0,0.0,0.0,15,1.0,4.33722406958,6.70604683504,249.0,44.9710641538,4.744918242790001,1.70709016334,1,1.0,6.333333333330001,1.33333333333,1.0,3.66666666667,2.0,1.99795412676,0.992217548863,175.830286824,0.9844956642720001,6.934437483410001,12.4452845114,12,6.010869565219999,59.0,10.0,1.0,29.7,16.6666666667,2.18817628861,9.58496977577,1281.86430467,91.8716456024,5.664351494450001,0.803362473536,0,0.3875,4.5,0.666666666667,0.0,2.5,1.0,2.02285937573,0.779330984104,82.7463347742,0.607356782784,1.4845671410499999,1.9029126213599998,1,1.0,8.0,2.0,0.0,4,3.0,0.902197690449,1.5308242243999999,196.0,2.34342280602,0.15,-1.03407402814,1.7766990291299998,1,1.0,4.0,2.0,0.0,4,3.0,0.158303577417,1.18761615601,183.0,1.4104321340200001,23.3383315132,1.82524271845,1,1.0,12.0,1.0,1.0,3,2.0,4.140173384690001,1.49132908525,188.0,2.22406244051,7.52730668002,55.4660194175,24,17.5,411.0,28.0,1.0,226,54.5,2.6669640006999997,73.4585137732,5713.0,5396.15324576,2.3045275232,24.7281553398,8,11.0,107.0,18.0,1.0,72,33.0,1.50432807563,20.8684930799,2547.0,435.494003427,15.457862914000001,4.17475728155,0,0.0,49.0,2.0,0.0,18,5.0,3.5653706640900005,7.43656465131,430.0,55.30249381310001,65.3131806807,0.514563106796,0,0.0,19.0,0.0,0.0,3,0.0,7.518705205439999,2.05733540628,53.0,4.23262897392,14.014292995,5.15533980583,3,2.0,46.0,3.0,1.0,19,5.0,3.35575356017,6.87815137264,531.0,47.308966305,60.52904044140001,0.446601941748,0,0.0,20.0,0.0,0.0,2,0.0,7.29057644889,2.22167643529,46.0,4.935846183130001,10.914895803499999,3.4757281553400006,1,1.0,28.0,2.0,0.0,11,3.5,2.95030292069,4.463017224800001,358.0,19.918522748900003,7.5747514782000005,21.1941747573,3,5.0,153.0,12.0,1.0,74,22.0,2.64360403293,27.6710573834,2183.0,765.6874167139999,42.2448978852,4.038834951459999,0,1.0,60.0,2.0,0.0,9,6.0,5.7128540049000005,6.94646521776,416.0,48.253379021499995,8.0,0.0237007424329,,5713.0,5.375,103.0,72.0,103.0,531.0,simbad-master,Robot-Simulation,non-agent,git-hub
390,130.313381067,2.40671641791,0,0.0,151.0,0.0,0.0,9,1.0,10.3815769487,10.959692563599999,645.0,120.114861088,11.1107980601,2.95773084218,1,1.0,27.0,1.2,1.0,11,3.0,3.1012272982,3.8464194000400003,792.671865704,14.794942201,18.3378702708,28.516265251100002,1,2.0,372.0,11.6207792208,1.0,123,31.3125,3.62696864149,46.7273266466,7642.359087299999,2183.44305554,-0.943189186389,1.61678268821,3,1.0,4.0,1.5,0.0,3,2.33333333333,0.321421359247,0.9233680115590001,433.297760439,0.85260848477,1.40734858192,2.0,0,0.0,11.0,1.0,0.0,7,3.0,1.29078704127,2.33520524164,536.0,5.4531835206,0.02,-1.53681842141,1.3208955223899999,0,0.0,5.0,0.0,0.0,4,3.0,0.4469063286,1.5070408848899999,354.0,2.2711722287400002,40.6255958977,2.66417910448,1,1.0,31.0,2.0,1.0,7,3.0,4.9940466503500005,2.8203222645099997,714.0,7.954217675669999,65.7134255907,81.8917910448,3,7.75,1948.0,33.0,1.0,288,84.25,7.05376636584,170.068722196,21947.0,28923.370269400002,17.4644983996,42.6828358209,1,3.0,534.0,19.5,1.0,159,57.0,3.4169401962599997,63.477090179799994,11439.0,4029.3409776999997,26.7342307291,4.9776119403,0,0.0,73.0,2.0,0.0,17,7.0,4.48219196763,9.002260571619999,1334.0,81.0406953994,79.4804624011,0.440298507463,0,0.0,27.0,0.0,0.0,2,0.0,8.4314442094,2.49196820376,118.0,6.209905528539999,25.2108761803,5.38059701493,1,1.0,72.0,3.0,1.0,20,5.0,4.42604561114,8.47759309362,1442.0,71.869584661,31.5547999185,0.227611940299,0,0.0,7.0,0.0,0.0,1,0.0,5.4596462166699995,1.0039541144,61.0,1.0079238638299999,20.7602404153,5.0,1,1.0,62.0,3.0,1.0,19,5.0,4.118228855319999,7.76721237092,1340.0,60.329588015,65.9304798858,21.4552238806,2,4.0,455.0,12.0,1.0,59,25.0,6.922187435780001,38.650477497800004,5750.0,1493.85941081,124.47411778799999,4.4776119403,0,0.0,186.0,2.0,0.0,12,4.0,10.0400162153,13.5451617565,1200.0,183.47140701,6.0,0.009013919168200001,,21947.0,2.66666666667,268.0,161.0,268.0,1442.0,scrimmage-master,Robot-Simulation,non-agent,git-hub
391,31.6123675585,2.80582524272,0,0.0,63.0,0.0,0.0,15,2.0,5.14628138594,7.392596664019999,867.0,54.6504854369,10.3819516539,1.8682938167400003,1,1.0,11.0,1.30769230769,1.0,4.66666666667,2.23076923077,2.78775144544,1.3905523014200003,577.302789372,1.9336357029799998,7.144328213550001,8.85532247577,1,3.25,64.0,5.0,1.0,29.6666666667,11.0,2.41158417937,9.62639192103,2736.29464501,92.66742141729999,6.884988932989999,1.04786642381,1,0.6,5.0,1.0,0.0,2.33333333333,1.25,2.1670418483300002,0.753294444595,323.790724958,0.567452520257,2.51601350857,2.46278317152,0,0.0,16.0,1.0,0.0,9,4.0,1.61075513206,3.03487414236,761.0,9.21046105998,0.06,0.9940656620209999,1.64401294498,2,1.0,5.0,2.0,0.0,3,2.0,0.7184791176890001,1.05196387763,508.0,1.10662799983,34.548034017,3.1229773462800003,1,1.0,40.0,2.0,1.0,10,3.0,4.6042455349699996,3.69596430524,965.0,13.6601521456,33.187868110100005,68.82847896439999,3,9.0,1131.0,27.0,1.0,258,73.0,4.793430218409999,120.72954519299999,21268.0,14575.6230824,12.7345173373,22.8511326861,1,4.0,253.0,9.0,1.0,82,29.0,2.99357221408,31.8472996319,7061.0,1014.25049384,15.1721396774,4.11974110032,0,0.0,53.0,2.0,0.0,19,5.0,3.26025179713,6.36665664347,1273.0,40.5343168159,41.9822504044,0.563106796117,0,0.0,18.0,0.0,0.0,4,0.0,5.46934824898,1.68840528144,174.0,2.8507123944,15.979858308599999,7.0453074433700005,2,2.0,73.0,4.0,1.0,26,8.0,3.30021615426,8.33848955766,2177.0,69.5304081032,17.3914262251,0.15857605178,0,0.0,4.0,0.0,0.0,1,0.0,4.03852142732,0.556046379521,49.0,0.309187576178,29.70568218,5.87378640777,2,2.0,73.0,4.0,0.0,18,7.0,4.31191899388,7.0305635338600005,1815.0,49.428823603599994,11.739227706500001,26.1003236246,3,5.0,251.0,12.0,1.0,96,30.0,3.0113883576599996,36.6268428448,8065.0,1341.52561678,29.929001202800002,7.637540453069999,0,0.0,156.0,2.0,0.0,39,6.0,4.8534797819,16.9708884173,2360.0,288.01105367099996,23.0,0.00910982221662,,21268.0,12.304347826099999,309.0,228.0,309.0,2177.0,jbotevolver-master,Robot-Simulation,non-agent,git-hub
392,77.1289922857,2.13827655311,0,0.0,90.0,0.0,0.0,9,1.0,7.940260965219999,7.42505512506,1067.0,55.1314436101,13.7194592391,1.3777959214,1,1.0,7.285714285710001,1.0,1.0,3,1.5,3.07061345851,0.726481918284,687.520164777,0.527775977593,23.2434848225,9.665906840639998,1,4.0,117.0,6.0,1.0,31,12.5,3.6428040449699997,10.937117371700001,4823.28751348,119.62053640200001,5.60066924347,1.04555215192,0,0.4,7.0,0.75,0.0,3.27272727273,1.375,1.96210305215,1.04945337813,521.730523806,1.10135239287,2.7487396974699996,1.44488977956,0,0.0,10.0,0.0,0.0,6,2.0,1.7712689465400002,2.1663891399,721.0,4.6932419055,0.01,1.07360759911,0.905811623246,1,0.0,4.0,1.0,0.0,3,1.0,1.05185022168,0.927679172545,452.0,0.860588647174,21.3151807475,3.70140280561,1,1.0,40.0,2.0,1.0,11,4.0,3.56368139802,4.00564586944,1847.0,16.0451988314,17.3699486109,38.7434869739,4,12.0,388.0,24.0,1.0,129,46.0,3.4226739258,46.850337771099994,19333.0,2194.95414926,40.5479885274,16.5350701403,4,4.0,265.0,10.0,1.0,53,22.0,4.64427239975,21.205825157899998,8251.0,449.687020628,96.39218888389999,1.79158316633,0,0.0,65.0,0.0,0.0,7,2.0,8.29915260447,4.56156561083,894.0,20.8078808219,105.607802381,0.6172344689379999,0,0.0,40.0,0.0,0.0,3,0.0,8.98031134863,2.7116777744700005,308.0,7.3531963525399995,54.81528158689999,5.18236472946,2,2.0,76.0,3.0,1.0,14,7.0,5.479685535419999,5.61881606704,2586.0,31.5710939952,275.779616613,0.394789579158,0,0.0,48.0,0.0,0.0,2,0.0,15.0254984596,2.48013248323,197.0,6.151057134349999,54.7907578343,4.6492985971900005,2,2.0,73.0,3.0,0.0,14,6.0,5.477047022050001,5.42077426977,2320.0,29.3847936838,51.9089619732,12.647294589200001,3,4.0,220.0,8.0,1.0,40,15.0,5.74950137478,17.3020603648,6311.0,299.36129286700003,94.3335328827,4.9378757515,0,0.0,204.0,0.0,0.0,16,4.0,8.74926076967,15.791505147899999,2464.0,249.371634836,25.0,0.00429372801829,,19333.0,4.6,499.0,247.0,499.0,2586.0,SnobotSim-master,Robot-Simulation,non-agent,git-hub
393,18.0,0.0555555555556,0,0.0,1.0,0.0,0.0,1,0.0,4.24264068712,0.235702260396,1.0,0.0555555555556,2.00383558884,8.56111111111,14,3.08333333333,29.0,4.625,2.0,29,14.0,1.4068413769900001,7.321652908130001,154.1,53.6066013072,3.74624665924,70.062037037,37.5,35.625,232.0,44.1666666667,15.0,232,102.625,1.7243129903299999,53.6654791628,1261.11666667,2879.98365378,-0.556638014155,1.53518518519,2,1.33333333333,2.0,1.5,1.0,2,1.6666666666699999,0.441212453258,0.298191109098,27.633333333299998,0.0889179375454,18.0,0.0555555555556,0,0.0,1.0,0.0,0.0,1,0.0,4.24264068712,0.235702260396,1.0,0.0555555555556,0.06,0.0,0.0,0,0.0,0.0,0.0,0.0,0,0.0,0.0,0.0,0.0,0.0,0.0,1.0,1,1.0,1.0,1.0,1.0,1,1.0,0.0,0.0,18.0,0.0,1.01797703997,212.222222222,None,87.5,696.0,127.0,15.0,696,271.5,1.3630798202,192.77312344900002,3820.0,37161.4771242,2.3015661116599997,185.0,71,76.5,686.0,106.5,15.0,686,183.0,1.7402716438599999,185.486007083,3330.0,34405.0588235,-1.27003385984,6.55555555556,0,1.5,17.0,5.5,0.0,17,11.0,0.25687110393,5.53302621401,118.0,30.614379085,0.0,0.0,0,0.0,0.0,0.0,0.0,0,0.0,0.0,0.0,0.0,0.0,2.03508625211,3.05555555556,3,2.0,8.0,3.0,1.0,8,4.0,1.13708708702,1.7977836754700003,55.0,3.23202614379,-1.6397701978600001,5.61111111111,0,0.25,14.0,4.0,0.0,14,11.0,0.249423137613,5.07750388987,101.0,25.781045751599997,2.12564755917,2.88888888889,1,1.25,8.0,3.0,1.0,8,3.75,1.25984682582,1.84355439585,52.0,3.39869281046,-0.8306838125720001,14.333333333299999,1,4.25,34.0,15.5,1.0,34,21.25,0.211770018231,10.5384450243,258.0,111.058823529,18.0,0.0555555555556,0,0.0,1.0,0.0,0.0,1,0.0,4.24264068712,0.235702260396,1.0,0.0555555555556,0.0,0.0032679738562100004,,3820.0,0.0,18.0,14.0,18.0,55.0,swarm_robot_ros_sim-master,Robot-Simulation,non-agent,git-hub
394,154.322387996,2.11403508772,0,0.0,133.0,0.0,0.0,9,1.0,10.472399796900001,7.229576677080001,1687.0,52.2667789298,790.32487023,2.91500417626,1,1.0,847.0,1.1,1.0,5,2.0,28.0473111151,29.989886490900002,2326.17333265,899.393291735,788.929377037,23.263854281100002,1,4.0,7236.5,7.2361111111100005,1.0,49.1666666667,16.3930288462,28.0095986133,256.395171924,18564.555716299998,65738.4841857,103.61861775,1.33669544515,1,0.5714285714289999,26.5,1.0,0.0,3.25,2.0,7.415917298080001,1.50054086144,1066.68296523,2.25162287684,18.3664718865,2.0614035087700002,0,0.0,32.0,1.0,0.0,7,3.0,3.3890826772500002,3.15035024801,1645.0,9.92470668516,0.10,3.6334924047800006,0.59022556391,0,0.0,5.0,0.0,0.0,2,1.0,1.7022127488999999,0.835987728562,471.0,0.698875482307,80.8016303415,5.77819548872,1,1.0,174.0,3.0,1.0,17,5.0,8.1189849488,13.2524820999,4611.0,175.62828180900001,347.117288265,148.04385964899998,4,10.0,14473.0,37.0,1.0,508,103.0,16.745429012,632.8809290419999,118139.0,400538.27034499997,751.293745457,49.8947368421,5,6.0,10895.0,13.0,1.0,150,41.0,27.0344181052,390.22008582300003,39816.0,152271.71538,50.6186944855,3.1741854636599998,0,0.0,90.0,1.0,0.0,14,3.0,6.0332615478400005,7.46155249575,2533.0,55.6747656469,113.82003022299999,0.363408521303,0,0.0,25.0,0.0,0.0,2,0.0,9.135118321130001,1.55235342799,290.0,2.4098011654,112.85855140700001,10.2180451128,1,2.0,417.0,4.0,1.0,33,10.0,8.99770913245,24.7082870333,8154.0,610.499448118,107.584183563,1.45363408521,0,0.0,90.0,0.0,0.0,7,0.0,9.29454683668,6.21910526846,1160.0,38.6772703402,151.88060714899999,8.872180451130001,1,2.0,417.0,3.0,0.0,27,9.0,10.320366521799999,22.5272444117,7080.0,507.476740785,366.493245385,30.8934837093,2,3.0,2976.0,9.0,1.0,105,24.0,17.2007035102,127.816229956,24653.0,16336.988640000001,438.256171625,25.912280701799997,0,0.0,4192.0,2.0,0.0,98,9.0,19.05652068,172.115801887,20678.0,29623.8492593,53.0,0.00265249069977,,118139.0,21.2641509434,798.0,459.0,798.0,8154.0,dart-master,Robot-Simulation,non-agent,git-hub
395,-1.73759191176,0.7894736842110001,0,0.0,2.0,0.0,0.0,2,2.0,0.462064655167,0.917662935482,15.0,0.8421052631579999,9.8677423484,1.64587425502,1,1.0,6.94736842105,1.0,1.0,6.94736842105,1.5,3.0811745453400006,1.4786149125999999,31.271610845300003,2.18630205977,0.9573756359700001,15.445995970799999,4,4.25,55.0,7.166666666669999,1.0,55,18.75,1.50568396628,17.529845606600002,293.473923445,307.295486992,-0.462871719944,0.697809116092,0,0.0,2.0,0.894736842105,0.0,2,1.0,0.5749461161230001,0.6581596121100001,13.2583732057,0.433174075013,3.4189422387599997,0.631578947368,0,0.0,4.0,0.0,0.0,4,1.0,2.00156127543,1.1647854507200002,12.0,1.3567251462,0.10,1.5117065132299998,0.9473684210529999,1,0.5,3.0,1.0,0.0,3,1.0,0.881201855203,0.779863535821,18.0,0.608187134503,-0.455433573786,2.47368421053,2,2.0,5.0,2.0,1.0,5,3.5,0.815358163271,1.3067525929500001,47.0,1.70760233918,12.3474461485,106.157894737,8,8.0,1042.0,25.0,2.0,1042,45.5,3.4174120126,248.157714895,2017.0,61582.251462,7.41240125293,56.368421052600006,4,4.5,430.0,11.0,1.0,430,35.5,2.69134876232,109.830278423,1071.0,12062.690058499998,6.0576253729900005,3.78947368421,0,0.0,26.0,1.0,0.0,26,3.5,2.41645202073,6.770679822819999,72.0,45.8421052632,2.4099264705900003,0.157894736842,0,0.0,1.0,0.0,0.0,1,0.0,2.04120613642,0.37463432463299995,3.0,0.140350877193,7.78106806541,4.0,2,2.0,19.0,2.0,1.0,19,4.5,2.6665866629700004,4.3716256828699995,76.0,19.111111111099998,4.483551079080001,3.2631578947400004,0,0.0,23.0,0.0,0.0,23,2.5,2.19644950087,6.38437419941,62.0,40.7602339181,9.742850798200001,2.8947368421099995,2,1.0,16.0,2.0,0.0,16,3.5,2.82569971914,3.6346287727599997,55.0,13.2105263158,11.128143861099998,12.5263157895,2,2.0,108.0,3.0,1.0,108,9.0,3.277374679,25.9515968703,238.0,673.485380117,5.36484511689,2.63157894737,0,0.0,20.0,0.0,0.0,20,2.0,2.3765648968599997,5.45904475075,50.0,29.8011695906,0.0,0.04385964912280001,,2017.0,0.0,19.0,11.0,19.0,76.0,URoboSim-master,Robot-Simulation,non-agent,git-hub
396,30.1254398424,3.18691588785,0,0.0,67.0,0.0,0.0,16,2.75,4.74487782526,7.526642308110001,682.0,56.6503444342,22.7191792819,2.0028660720299998,1,1.0,15.333333333299999,1.4,1.0,4.5,2.0,4.15619542534,1.8723386339800001,428.613339415,3.5056519603,26.565730461199998,17.4758187379,3,4.29761904762,233.0,9.771505376339999,1.0,65.5,17.375,4.39408804594,26.251772242199998,3739.82520991,689.155545859,0.733863691645,1.6903647338999999,3,0.824404761905,6.0,1.5,0.0,3,2.5,0.769108381824,1.14499018612,361.738053055,1.3110025263,7.64059674998,3.7943925233599995,0,0.0,38.0,1.0,0.0,14,6.0,2.27482528546,5.51436590365,812.0,30.408231319400002,0.17,0.549360576299,0.40186915887900004,0,0.0,2.0,0.0,0.0,2,1.0,1.28145574536,0.618339637807,86.0,0.382343907683,28.5075477269,2.9953271027999997,1,1.0,34.0,2.0,1.0,9,3.0,4.9250514375300005,4.500910355019999,641.0,20.258194024,16.2334380753,104.528037383,3,10.0,1322.0,24.5,1.0,419,145.0,3.3440219198500003,167.73334712,22369.0,28134.475736,10.9760824226,40.3878504673,4,6.0,389.0,13.5,1.0,136,64.0,2.83697742838,57.1287487716,8643.0,3263.6939362,5.70421746199,4.73831775701,0,0.0,40.0,2.0,0.0,20,7.0,2.20271981995,6.725798482849999,1014.0,45.236365231899995,45.73243774350001,0.261682242991,0,0.0,11.0,0.0,0.0,1,0.0,6.643827969,1.4296422521,56.0,2.04387696898,11.677888073399998,6.5140186915900005,1,1.0,62.0,3.0,1.0,26,8.0,2.9818337136799995,8.628334680639998,1394.0,74.4481593612,9.38124359682,2.55140186916,0,0.0,28.0,0.0,0.0,10,4.0,2.58034018844,4.084169932180001,546.0,16.6804440349,14.053574544000002,5.771028037380001,1,1.0,56.0,3.0,0.0,22,7.0,3.22423410239,7.59595283079,1235.0,57.698499407700005,14.0479316133,36.214953271,1,3.0,427.0,12.0,1.0,162,36.75,3.34620858555,62.9876697133,7750.0,3967.44653591,31.523303049000003,11.046728972,0,0.0,210.0,2.0,0.0,42,12.0,5.1578030006,26.272098474699998,2364.0,690.223158264,9.0,0.014962046421799999,,22369.0,11.1111111111,214.0,130.0,214.0,1394.0,flatland-master,Robot-Simulation,non-agent,git-hub
397,38.8591889133,1.4941860465099999,0,0.0,31.0,0.0,0.0,5,2.0,5.3701572442900005,3.3342053123000004,257.0,11.1169250646,20.0337177378,2.7392545074299997,1,1.0,30.4375,1.14583333333,1.0,11.25,2.7455882352900005,4.07585004096,3.99272574256,471.15177527699996,15.9418588553,19.937635317799998,19.9585451148,1,3.95,232.0,8.75,1.0,81.5,19.2,4.0946437304800005,34.3099450867,3432.86975975,1177.17233185,4.55507095691,1.53834914322,2,0.75,7.0,1.25,0.0,4,2.0,1.7876311792099997,1.1758151163700001,264.596052634,1.38254118789,10.885523149700001,1.7965116279099997,0,0.0,19.0,1.0,0.0,7,2.0,2.7928208209500003,2.72724815463,309.0,7.437882496939999,0.12,1.87476662037,0.302325581395,0,0.0,2.0,0.0,0.0,1,1.0,1.67416256426,0.552924546566,52.0,0.305725554196,32.1555907235,3.3081395348799996,1,1.0,39.0,2.0,1.0,9,4.0,5.05563409901,4.5219856714899995,569.0,20.4483544132,23.180326709899997,105.31976744200001,6,9.0,1837.0,31.5,1.0,494,76.25,4.30948910196,228.589795948,18115.0,52253.2948116,6.65749435699,45.912790697700004,1,5.0,435.0,16.5,1.0,232,45.25,2.55785215768,74.6036580896,7897.0,5565.70580035,22.608345775700002,3.0232558139499996,0,0.0,41.0,1.0,0.0,10,3.25,4.40624854383,5.9520044177699996,520.0,35.426356589099996,46.777803533000004,0.238372093023,0,0.0,10.0,0.0,0.0,2,0.0,6.37179940715,1.0955164986200001,41.0,1.20015639875,81.6954200758,5.68604651163,1,2.0,128.0,3.0,1.0,17,5.0,8.06120886704,11.3031193003,978.0,127.760505916,40.7213711167,1.3023255814,0,0.0,36.0,0.0,0.0,6,1.0,5.97286215903,4.47623946033,224.0,20.0367197062,81.66794128689999,4.79651162791,1,1.0,109.0,3.0,0.0,13,5.0,8.13830811306,9.65603707986,825.0,93.2390520876,69.6551814105,18.8837209302,2,3.0,550.0,7.0,1.0,59,15.0,7.60352648435,51.5713140728,3248.0,2659.6004352,108.90320814799999,7.877906976739999,0,0.0,372.0,1.0,0.0,24,7.25,9.85605782255,31.4462723873,1355.0,988.868047056,8.0,0.00873793009656,,18115.0,4.0,172.0,106.0,172.0,978.0,tansa-master,Robot-Simulation,non-agent,git-hub
398,3.79523517602,1.03174603175,0,0.0,7.0,0.0,0.0,5,1.0,2.05632632862,1.7502834237599998,65.0,3.0634920634900005,2.4887590506599997,2.15431963348,1,1.0,7.0,1.6666666666699999,1.0,4.25,2.9059829059799998,1.42698836528,1.2595904595799998,135.722136909,1.5865681258700002,1.26368142109,14.176069972999999,1,6.045454545449999,51.3333333333,11.0,1.0,30.4117647059,21.6111111111,1.05016964799,10.6684956656,893.0924082999999,113.816799768,0.865574018171,1.15364198939,1,0.777777777778,3.0,1.0,0.0,2.25,1.5,0.696734968588,0.6385713030269999,72.6794453318,0.407773309049,-0.210728638664,1.03174603175,0,0.0,4.0,1.0,0.0,3,2.0,0.9561990520810001,1.23089600158,65.0,1.5151049667200003,0.04,-0.0992492188783,0.47619047618999993,0,0.0,2.0,0.0,0.0,2,1.0,0.9379654466640001,0.618456529808,30.0,0.38248847926299995,39.3124454553,3.14285714286,1,1.0,45.0,2.0,1.0,8,3.0,5.914955658819999,6.0184049512,198.0,36.2211981567,7.10587019805,100.793650794,10,18.0,667.0,63.0,1.0,336,129.0,2.40632409169,126.050573405,6350.0,15888.7470558,0.35740816438100004,41.3333333333,1,12.5,152.0,23.0,1.0,130,56.5,1.25654692671,42.3003851123,2604.0,1789.32258065,6.15794695566,8.74603174603,0,1.0,59.0,4.0,0.0,38,10.5,2.44040207066,12.2815994729,551.0,150.837685612,18.9533542324,0.301587301587,0,0.0,6.0,0.0,0.0,3,0.0,4.134628155990001,0.994094183811,19.0,0.9882232462880001,20.7367673054,6.603174603169999,3,3.0,47.0,5.0,1.0,17,8.5,3.8058160855300005,6.71430750288,416.0,45.0819252432,60.1121400333,1.06349206349,0,0.0,49.0,0.0,0.0,3,0.0,7.678782084510001,6.20580637549,67.0,38.5120327701,24.9308908724,5.8571428571399995,3,3.0,47.0,4.0,1.0,13,7.0,4.3085908991199995,6.55954646066,369.0,43.0276497696,3.1554529725200005,28.3650793651,1,5.0,132.0,18.0,1.0,122,34.0,1.8772768667,33.046058565100005,1787.0,1092.04198669,52.130828171000005,3.5079365079400002,0,0.0,90.0,1.0,0.0,12,3.0,6.966097970710001,11.5840170979,221.0,134.189452125,4.0,0.0166410650282,,6350.0,6.0,63.0,49.0,63.0,416.0,kuka-lwr-ros-master,Robot-Simulation,non-agent,git-hub
399,26.4200221652,2.9678571428600002,0,0.0,73.0,1.0,0.0,16,2.0,4.54591780394,7.310078497260001,1662.0,53.4372476361,49.8503522258,2.08737795219,1,1.0,26.0,1.39230769231,1.0,5,2.33333333333,5.630380086769999,2.02600999381,1168.93165323,4.10471649503,22.1761753751,11.1650430948,1,3.0,135.0,7.357894736839999,1.0,33.6666666667,14.0357142857,3.74909474512,13.5582841601,6252.4241331,183.827069365,10.6666426412,1.20064479575,1,0.833333333333,7.0,1.0,0.0,2.33333333333,1.5,2.14274427457,0.725606279017,672.361085622,0.5265044721500001,10.2085642704,2.76785714286,0,0.0,27.0,1.0,0.0,11,3.0,2.87206306524,4.25229001307,1550.0,18.0819703552,0.06,0.65881313135,0.8732142857140001,0,0.0,5.0,1.0,0.0,3,1.0,0.9436993808030001,0.920836337489,489.0,0.84793956044,42.0435209327,5.36785714286,2,2.0,108.0,3.0,1.0,20,5.0,5.34292240509,8.8386674285,3006.0,78.1220419116,26.538257394099997,116.671428571,2,12.0,2104.0,46.5,1.0,434,118.25,4.5362138317800005,217.36197496900002,65336.0,47246.2281625,28.1003986702,36.1339285714,1,5.0,621.0,16.0,1.0,132,44.0,4.076168001,54.9378076632,20235.0,3018.16271084,17.1763985873,5.860714285709999,0,1.0,82.0,2.0,0.0,22,8.0,3.4543455574800004,9.282019060689999,3282.0,86.1558778431,67.1321053157,0.6,0,0.0,34.0,0.0,0.0,3,0.0,7.503090211260001,2.76005237046,336.0,7.61788908766,20.7495530033,11.2267857143,2,2.0,142.0,6.0,1.0,40,12.0,3.9587737095599995,16.4084819363,6287.0,269.238279453,23.2833881769,1.43392857143,0,0.0,36.0,0.0,0.0,9,1.0,4.28791123063,3.85273532855,803.0,14.8435695119,22.362187227600003,9.41964285714,2,2.0,124.0,4.0,1.0,35,10.0,4.1307789676499995,14.5874933524,5275.0,212.794962305,27.151278574099997,41.3732142857,2,5.0,710.0,18.0,1.0,141,46.0,4.63378815099,74.8723540866,23169.0,5605.86940647,89.8575873533,17.9482142857,0,0.0,768.0,3.0,0.0,90,12.0,7.85527044795,51.788608064399995,10051.0,2682.05992525,53.0,0.0053092256580600005,,65336.0,18.8301886792,560.0,428.0,560.0,6287.0,mars-master,Robot-Simulation,non-agent,git-hub
400,7.11029877325,1.11764705882,1,0.0,6.0,1.0,0.0,6,1.0,2.4448448923400004,1.49509000319,19.0,2.23529411765,14.252560916099998,1.8989352151099999,1,1.0,10.0,1.0714285714299998,1.0,10,1.63636363636,3.6741524933199994,2.16414538034,32.2818986569,4.6835252272600005,11.6048010549,11.7134964228,3.25,3.25,79.5,6.545454545449999,1.0,79.5,9.5,3.29658189343,18.8877291104,199.129439188,356.74631094800003,0.45037086811899996,1.4138982845299999,1,1.0,3.0,1.29166666667,0.0,3,1.9375,0.338199490054,0.716997938609,24.036270836999996,0.51408604397,11.6583763383,1.29411764706,1,0.0,9.0,1.0,0.0,9,1.0,3.2332395018799995,2.14373231428,22.0,4.59558823529,0.17,17.0,0.0588235294118,0,0.0,1.0,0.0,0.0,1,0.0,4.12310562562,0.242535625036,1.0,0.0588235294118,1.12963917212,6.117647058819999,2,2.0,24.0,2.0,1.0,24,6.0,1.52376395836,7.13164035252,104.0,50.8602941176,13.0147476325,108.411764706,None,27.0,762.0,52.0,2.0,762,96.0,3.45676389199,177.82366927099997,1843.0,31621.257352900004,3.77330665704,29.5882352941,6,6.0,140.0,13.0,1.0,140,31.0,2.14134673244,41.8166516228,503.0,1748.63235294,13.8688949593,7.76470588235,0,1.0,67.0,3.0,0.0,67,7.0,3.6093764887,15.911982166600001,132.0,253.19117647099998,0.0,0.0,0,0.0,0.0,0.0,0.0,0,0.0,0.0,0.0,0.0,0.0,-0.719790393835,11.117647058800001,2,3.0,28.0,11.0,2.0,28,16.0,0.608943135726,8.56506241178,189.0,73.3602941176,1.46750310282,1.7647058823500001,0,0.0,7.0,2.0,0.0,7,3.0,1.18354822546,1.98523965067,30.0,3.9411764705900003,-0.00690942733179,9.823529411760001,2,2.0,28.0,9.0,2.0,28,15.0,0.8727912311399999,8.148890216749999,167.0,66.4044117647,11.628601589,42.588235294099995,21,8.0,267.0,21.0,2.0,267,48.0,3.22711714421,62.441031004799996,724.0,3898.88235294,-0.038395261149800006,4.82352941176,0,0.0,18.0,2.0,0.0,18,6.0,1.21231948145,6.30709217982,82.0,39.7794117647,0.0,0.0698529411765,,1843.0,0.0,17.0,13.0,17.0,189.0,single_nubot_gazebo-master,Robot-Simulation,non-agent,git-hub
0,41.7437951112,2.14361702128,0,0.0,62.0,0.0,0.0,11,2.0,5.64191881202,5.5450149063,2015.0,30.747190311100002,41.9978827169,2.1146839381299998,1,1.0,28.5,1.25,1.0,5.5,2.4,5.252207423580001,2.27242907092,1987.80290185,5.16393388237,73.5256303071,14.892018735,1,4.0,375.0,7.0,1.0,48.0,17.011363636400002,7.30136728905,27.3848938223,13998.4976109,749.932409659,15.1757825666,1.5119161930899998,1,0.75,12.0,1.16666666667,0.0,4.0,1.8355263157900004,3.17938680482,1.41687302427,1421.2012215,2.00752916691,28.047529300700003,2.0563829787200003,0,0.0,45.0,0.0,0.0,9,2.0,4.3474283713599995,4.08378852982,1933.0,16.6773287563,0.02,2.33628042627,0.622340425532,0,0.0,4.0,0.0,0.0,2,1.0,1.4917284620700002,0.836425053512,585.0,0.699606870143,307.653480696,12.6510638298,1,1.0,2133.0,3.0,1.0,21,7.0,17.5457734234,120.26594398799999,11892.0,14463.897283200002,31.246921812300002,125.37021276600001,4,10.0,2711.0,34.0,1.0,507,115.25,5.102618543169999,285.194030258,117848.0,81335.6348945,57.5305788331,48.6808510638,4,5.0,1469.0,13.5,1.0,166,46.0,6.924343415239999,124.74723434399999,45760.0,15561.8724764,49.551259802,5.491489361699999,0,1.0,127.0,3.0,0.0,18,6.0,6.418123712969999,11.693591261300002,5162.0,136.740076587,174.88585724599997,0.334042553191,0,0.0,37.0,0.0,0.0,2,0.0,11.5182007995,1.9397502771500001,314.0,3.7626311376999997,305.793863745,14.6180851064,1,2.0,2133.0,4.0,1.0,27,10.0,17.46743821,120.334888991,13741.0,14480.485508599999,172.848563558,1.75106382979,0,0.0,110.0,0.0,0.0,7,2.0,11.394908468199999,5.975611503380001,1646.0,35.7079328394,307.45491486099996,12.729787234000002,1,2.0,2133.0,3.0,0.0,19,7.0,17.5374572225,120.280703665,11966.0,14467.4476741,246.51487319700001,28.535106383000002,1,3.0,2133.0,9.0,1.0,93,24.0,15.0365980724,126.142522305,26823.0,15911.935933399998,197.955938505,20.760638297899998,0,0.0,1716.0,0.0,0.0,90,12.0,12.1292784754,85.2034534567,19515.0,7259.62848096,25.0,0.00228287222713,,117848.0,11.84,940.0,770.0,940.0,13741.0,cornell-urban-challenge,Autodrivers,Robot,Industry
1,64.1877688771,0.601713062099,0,0.0,33.0,0.0,0.0,2,0.0,7.437350186589999,2.8503138256400002,281.0,8.124288904610001,43.1315675942,1.60031062588,1,1.0,19.0,1.0,1.0,3.23076923077,1.42857142857,6.12714755701,1.97154811832,747.345062285,3.88700198285,20.4453139104,8.04136771866,1,1.42857142857,102.0,4.0,1.0,30.0,9.0,4.07976799559,12.6587553315,3755.31872462,160.24408654299998,0.848192581609,0.5617375714980001,0,0.0,2.75,0.33333333333299997,0.0,2.0,0.8571428571430001,1.24269892582,0.636141585305,262.33144589,0.404676116554,13.6611448994,0.9379014989290001,0,0.0,13.0,0.0,0.0,4,1.0,3.15790498674,1.7116109066799998,438.0,2.9296118958599995,0.01,2.67770094251,0.946466809422,1,1.0,4.0,1.0,0.0,2,1.0,0.9649179529649999,0.6578376435809999,442.0,0.432750365312,7.195062793,4.147751606,3,2.0,21.0,4.0,1.0,8,6.0,1.8693069844299999,2.65255773367,1937.0,7.036062530439999,177.52155490200002,33.5010706638,12,8.0,1182.0,16.0,1.0,102,40.5,11.416593994400001,68.3691813315,15645.0,4674.34495593,6.46470826209,16.6852248394,1,3.0,137.0,8.0,1.0,64,21.0,2.37337798616,22.7867859481,7792.0,519.2376138440001,80.509021781,1.87580299786,0,0.0,78.0,0.0,0.0,7,2.0,7.93260421507,5.84653460579,876.0,34.181966896700004,216.8250611,0.16274089935799999,0,0.0,21.0,0.0,0.0,1,0.0,13.5860063369,1.19155801248,76.0,1.4198104971,7.704311049889999,5.14346895075,3,2.0,29.0,4.0,1.0,13,6.0,2.34667931245,4.08267237133,2402.0,16.668213691600002,70.5981710959,0.830835117773,0,0.0,45.0,0.0,0.0,3,0.0,8.03421719788,4.26474618596,388.0,18.1880600307,8.04651897888,4.952890792290001,6,2.0,28.0,4.0,0.0,12,6.0,2.3480695127,3.84154039579,2313.0,14.7574326125,45.194627071000006,10.8715203426,4,4.0,217.0,6.0,1.0,44,9.5,5.5177281499,18.044192961,5077.0,325.592899615,70.4053913683,4.790149892930001,0,0.0,180.0,0.0,0.0,21,4.0,7.051818009600001,13.5965341053,2237.0,184.865739677,13.0,0.0012912297469899999,,15645.0,9.307692307689999,467.0,211.0,467.0,2402.0,Magneton2Year,Robo-Projects,Robot,Industry
2,57.601911807600004,1.61605584642,0,0.0,58.0,0.0,0.0,7,1.0,6.50445371419,4.57446781004,926.0,20.9257557451,25.527863566500002,2.28271110532,1,1.0,22.5,1.57142857143,1.0,6.0,2.5,4.11679142958,2.20490675785,1307.99346335,4.86161381079,7.610193292310001,17.68167315,1,4.2,148.0,9.0,1.0,71.0,19.5,2.6435320001599996,23.1344259938,10131.5987149,535.201666062,12.583950744300001,1.42760643831,2,0.8,10.0,1.2,0.0,3.0,2.0,2.37921879978,1.02670397458,818.0184891519999,1.0541210514100001,16.9859628052,1.8830715532299998,0,0.0,25.0,1.0,0.0,7,3.0,3.3311438667299997,2.88023339249,1079.0,8.29574439522,0.05,0.392209069025,0.392670157068,0,0.0,2.0,0.0,0.0,1,1.0,1.1790810281200002,0.580344144735,225.0,0.33679932632799997,13.685644714,3.15183246073,1,1.0,28.0,2.0,1.0,10,4.0,3.05755065068,3.4014061715599997,1806.0,11.5695639439,196.5971046,111.74171029700001,9,10.0,6077.0,36.0,1.0,366,101.0,12.2983649706,333.761743915,64028.0,111396.901701,20.0106837951,43.5916230366,1,7.0,606.0,17.0,1.0,180,49.0,3.73981290953,69.9290654552,24978.0,4890.07419544,11.889194106,4.3630017452,0,0.0,52.0,2.0,0.0,19,5.0,3.15842826478,7.25298294518,2500.0,52.60576160310001,236.593307193,0.22687609074999998,0,0.0,33.0,0.0,0.0,1,0.0,14.441201171800001,1.80156599915,130.0,3.2456400493,33.449694870500004,6.141361256540001,1,2.0,94.0,3.0,1.0,20,7.0,4.61980290216,8.59414642005,3519.0,73.8593526892,12.1394660463,1.4572425829,0,0.0,24.0,0.0,0.0,10,1.0,3.2664700840400003,3.4240517148,835.0,11.7241301456,36.6904674889,5.28621291449,1,1.0,83.0,3.0,0.0,18,6.0,4.8488762865599995,7.3950773981,3029.0,54.687169723800004,79.827374624,23.260034904,1,3.0,690.0,9.0,1.0,82,25.0,7.350201310669999,48.073302398500005,13328.0,2311.0424035,47.9222608083,8.83071553229,0,0.0,275.0,2.0,0.0,45,6.0,6.16987140992,24.947377463800002,5060.0,622.371642319,26.0,0.0028252724587800003,,64028.0,8.03846153846,573.0,376.0,573.0,3519.0,robil,Robo-Projects,Robot,Industry
3,4.92303506244,2.79591836735,0,0.0,17.0,2.0,0.0,12,4.0,2.18141694584,3.7192046183599996,137.0,13.8324829932,12.972417733399999,2.09593977024,1,1.25,9.0,1.7142857142899999,1.0,3.625,2.4,3.1076589941000003,1.3872015670200002,102.70104874200001,1.92432818755,23.4035996183,9.887841081,6,5.0,66.0,8.5,1.0,20.3333333333,11.652173913,4.319209374,9.74401063005,484.50421296900004,94.94574315860001,-0.24842584804099999,1.189818742,1,0.714285714286,3.0,1.0,0.0,2.6,1.61111111111,0.677892432053,0.7385323237620001,58.301118358100005,0.545429993241,2.0186524107,2.73469387755,0,0.0,13.0,2.0,0.0,10,4.0,1.55550110324,3.37129741472,134.0,11.365646258499998,0.31,0.505369852641,0.326530612245,0,0.0,2.0,0.0,0.0,1,1.0,1.2305228198,0.51590354,16.0,0.266156462585,14.2683672125,1.55102040816,1,1.0,8.0,1.0,1.0,4,2.0,3.5818691584900004,1.30800778046,76.0,1.7108843537399998,1.89632023248,63.897959183699996,51,18.0,268.0,47.0,2.0,227,66.0,1.6820220578,68.3819679259,3131.0,4676.09353741,2.8610187559900004,21.0408163265,9,9.0,81.0,16.0,1.0,66,25.0,1.7813542628799999,19.3077695756,1031.0,372.78996598599997,0.16326565123700001,4.1428571428600005,0,1.0,14.0,3.0,0.0,13,6.0,1.02990970911,4.0207793606,203.0,16.1666666667,8.57680622883,0.163265306122,0,0.0,2.0,0.0,0.0,1,0.0,3.00501968842,0.472005419086,8.0,0.22278911564599999,2.29180136648,6.36734693878,5,3.0,23.0,5.0,1.0,17,7.0,1.52874858785,4.9019293716500005,312.0,24.0289115646,12.8992957636,1.0612244898,0,0.0,12.0,0.0,0.0,5,1.0,3.2240808412199997,2.1833476138099996,52.0,4.767006802719999,2.67876266066,4.69387755102,4,2.0,16.0,4.0,1.0,10,6.0,1.53768990182,3.3801139134700002,230.0,11.425170068,1.9620545354900003,31.6734693878,23,8.0,136.0,18.0,1.0,107,35.0,1.686950317,35.390904996399996,1552.0,1252.51615646,3.91100547551,3.89795918367,0,0.0,24.0,2.0,0.0,13,6.0,1.95950864492,5.432329526240001,191.0,29.510204081599998,1.0,0.05824829931969999,,3131.0,2.0,49.0,40.0,49.0,312.0,Patrolling-Code,Robo-Projects,Robot,Industry
4,32.647947459099996,0.427777777778,0,0.0,12.0,0.0,0.0,2,0.0,5.333355361600001,1.53189755465,77.0,2.3467101179400003,8.17063037105,2.45727502371,1,1.0,19.0,1.0,1.0,15.0,1.0,3.09767915957,4.3559484280800005,442.309504268,18.9742867081,7.155774797160001,11.467668946600002,1,1.0,106.0,2.0625,1.0,72.0,9.0,2.88042291912,24.4803188558,2064.18041039,599.286011282,5.73187717226,0.689256831398,0,0.0,5.666666666669999,0.33333333333299997,0.0,2.0,1.16964285714,1.6835908639200001,0.830099446393,124.066229652,0.6890650909029999,7.617662423139999,0.9111111111110001,0,0.0,9.0,0.0,0.0,4,1.0,2.52436510903,1.53647964785,164.0,2.36076970826,0.01,0.162246424313,0.822222222222,1,0.0,3.0,1.0,0.0,2,1.0,0.274231897868,0.617759110865,148.0,0.381626319056,15.3562615337,3.13888888889,3,2.0,18.0,3.0,1.0,6,4.0,2.9890318875300004,2.18108652358,565.0,4.75713842334,79.9531426388,30.7222222222,2,4.0,1059.0,9.0,1.0,101,21.0,8.55278145817,99.7253241937,5530.0,9945.14028554,7.1348069273000005,14.8833333333,1,1.0,167.0,4.0,1.0,101,13.0,2.6849304205799998,28.5499219735,2679.0,815.098044693,32.1324660756,1.53333333333,0,0.0,29.0,0.0,0.0,6,2.0,5.11647467501,3.6911490088599996,276.0,13.6245810056,138.904837327,0.12222222222200001,0,0.0,11.0,0.0,0.0,0,0.0,11.2607965999,0.869441196996,22.0,0.755927995034,15.131159918599998,4.272222222219999,3,2.0,29.0,3.0,1.0,10,6.0,3.2701017320099997,3.9463306704300005,769.0,15.573525760399999,59.1223620341,0.65,0,0.0,27.0,0.0,0.0,2,0.0,7.08770229,2.67927072542,117.0,7.17849162011,15.4675779464,4.11666666667,3,2.0,28.0,3.0,0.0,10,6.0,3.11605745079,3.57407643264,741.0,12.7740223464,45.7536822597,9.76111111111,1,3.0,172.0,4.0,1.0,32,10.0,5.92321836882,17.6167657223,1757.0,310.350434513,26.0592282143,3.7722222222199995,0,0.0,72.0,0.0,0.0,16,4.0,4.5491187362800005,8.87015619997,679.0,78.6796710118,4.0,0.0023898199875900003,,5530.0,4.75,180.0,79.0,180.0,769.0,Magneton1Year,Robo-Projects,Robot,Industry
